Time,Fura_1,Group,Time ,Fura_3,Group,Time ,Fura_4,Group,Time ,Fura_5,Group,Time,Fura_6,Group,Time,Fura_7,Group,Time ,Fura_2,Group
0,0.912,ctrl,0,0.754,ctrl,0,0.895,ctrl,0,0.91,ctrl,0,0.805,ctrl,0,0.88,ctrl,0,0.808,ctrl
0.004,0.918,ctrl,0.004,0.755,ctrl,0.004,0.897,ctrl,0.004,0.912,ctrl,0.004,0.804,ctrl,0.004,0.874,ctrl,0.004,0.806,ctrl
0.008,0.911,ctrl,0.008,0.754,ctrl,0.008,0.897,ctrl,0.008,0.908,ctrl,0.008,0.807,ctrl,0.008,0.875,ctrl,0.008,0.807,ctrl
0.012,0.906,ctrl,0.012,0.753,ctrl,0.012,0.899,ctrl,0.012,0.907,ctrl,0.012,0.8,ctrl,0.012,0.87,ctrl,0.012,0.81,ctrl
0.016,0.913,ctrl,0.016,0.749,ctrl,0.016,0.901,ctrl,0.016,0.905,ctrl,0.016,0.8,ctrl,0.016,0.876,ctrl,0.016,0.809,ctrl
0.02,0.912,ctrl,0.02,0.752,ctrl,0.02,0.892,ctrl,0.02,0.907,ctrl,0.02,0.802,ctrl,0.02,0.872,ctrl,0.02,0.808,ctrl
0.024,0.909,ctrl,0.024,0.749,ctrl,0.024,0.893,ctrl,0.024,0.903,ctrl,0.024,0.798,ctrl,0.024,0.869,ctrl,0.024,0.805,ctrl
0.028,0.906,ctrl,0.028,0.75,ctrl,0.028,0.892,ctrl,0.028,0.901,ctrl,0.028,0.798,ctrl,0.028,0.872,ctrl,0.028,0.806,ctrl
0.032,0.907,ctrl,0.032,0.751,ctrl,0.032,0.897,ctrl,0.032,0.905,ctrl,0.032,0.798,ctrl,0.032,0.865,ctrl,0.032,0.806,ctrl
0.036,0.905,ctrl,0.036,0.753,ctrl,0.036,0.889,ctrl,0.036,0.903,ctrl,0.036,0.794,ctrl,0.036,0.867,ctrl,0.036,0.804,ctrl
0.04,0.901,ctrl,0.04,0.75,ctrl,0.04,0.89,ctrl,0.04,0.906,ctrl,0.04,0.796,ctrl,0.04,0.866,ctrl,0.04,0.806,ctrl
0.044,0.903,ctrl,0.044,0.745,ctrl,0.044,0.886,ctrl,0.044,0.902,ctrl,0.044,0.795,ctrl,0.044,0.866,ctrl,0.044,0.803,ctrl
0.048,0.9,ctrl,0.048,0.749,ctrl,0.048,0.892,ctrl,0.048,0.899,ctrl,0.048,0.795,ctrl,0.048,0.863,ctrl,0.048,0.804,ctrl
0.052,0.894,ctrl,0.052,0.744,ctrl,0.052,0.885,ctrl,0.052,0.902,ctrl,0.052,0.793,ctrl,0.052,0.862,ctrl,0.052,0.806,ctrl
0.056,0.907,ctrl,0.056,0.745,ctrl,0.056,0.885,ctrl,0.056,0.899,ctrl,0.056,0.795,ctrl,0.056,0.859,ctrl,0.056,0.805,ctrl
0.06,0.896,ctrl,0.06,0.744,ctrl,0.06,0.88,ctrl,0.06,0.897,ctrl,0.06,0.793,ctrl,0.06,0.86,ctrl,0.06,0.804,ctrl
0.064,0.902,ctrl,0.064,0.747,ctrl,0.064,0.885,ctrl,0.064,0.895,ctrl,0.064,0.793,ctrl,0.064,0.862,ctrl,0.064,0.804,ctrl
0.068,0.894,ctrl,0.068,0.743,ctrl,0.068,0.892,ctrl,0.068,0.898,ctrl,0.068,0.793,ctrl,0.068,0.858,ctrl,0.068,0.805,ctrl
0.072,0.895,ctrl,0.072,0.743,ctrl,0.072,0.887,ctrl,0.072,0.897,ctrl,0.072,0.786,ctrl,0.072,0.859,ctrl,0.072,0.801,ctrl
0.076,0.898,ctrl,0.076,0.745,ctrl,0.076,0.879,ctrl,0.076,0.894,ctrl,0.076,0.789,ctrl,0.076,0.852,ctrl,0.076,0.801,ctrl
0.08,0.897,ctrl,0.08,0.743,ctrl,0.08,0.887,ctrl,0.08,0.894,ctrl,0.08,0.786,ctrl,0.08,0.854,ctrl,0.08,0.801,ctrl
0.084,0.893,ctrl,0.084,0.74,ctrl,0.084,0.877,ctrl,0.084,0.897,ctrl,0.084,0.79,ctrl,0.084,0.852,ctrl,0.084,0.804,ctrl
0.088,0.889,ctrl,0.088,0.744,ctrl,0.088,0.878,ctrl,0.088,0.895,ctrl,0.088,0.784,ctrl,0.088,0.856,ctrl,0.088,0.8,ctrl
0.092,0.892,ctrl,0.092,0.74,ctrl,0.092,0.879,ctrl,0.092,0.892,ctrl,0.092,0.788,ctrl,0.092,0.855,ctrl,0.092,0.804,ctrl
0.096,0.903,ctrl,0.096,0.739,ctrl,0.096,0.877,ctrl,0.096,0.896,ctrl,0.096,0.784,ctrl,0.096,0.851,ctrl,0.096,0.803,ctrl
0.1,0.907,ctrl,0.1,0.753,ctrl,0.1,0.899,ctrl,0.1,0.895,ctrl,0.1,0.798,ctrl,0.1,0.856,ctrl,0.1,0.804,ctrl
0.104,0.927,ctrl,0.104,0.767,ctrl,0.104,0.94,ctrl,0.104,0.901,ctrl,0.104,0.818,ctrl,0.104,0.869,ctrl,0.104,0.809,ctrl
0.108,0.956,ctrl,0.108,0.783,ctrl,0.108,0.977,ctrl,0.108,0.91,ctrl,0.108,0.844,ctrl,0.108,0.883,ctrl,0.108,0.817,ctrl
0.112,0.984,ctrl,0.112,0.794,ctrl,0.112,1.004,ctrl,0.112,0.94,ctrl,0.112,0.858,ctrl,0.112,0.902,ctrl,0.112,0.821,ctrl
0.116,1.022,ctrl,0.116,0.806,ctrl,0.116,1.036,ctrl,0.116,0.963,ctrl,0.116,0.871,ctrl,0.116,0.916,ctrl,0.116,0.824,ctrl
0.12,1.03,ctrl,0.12,0.812,ctrl,0.12,1.052,ctrl,0.12,0.98,ctrl,0.12,0.891,ctrl,0.12,0.919,ctrl,0.12,0.834,ctrl
0.124,1.057,ctrl,0.124,0.822,ctrl,0.124,1.068,ctrl,0.124,1,ctrl,0.124,0.897,ctrl,0.124,0.931,ctrl,0.124,0.841,ctrl
0.128,1.064,ctrl,0.128,0.828,ctrl,0.128,1.083,ctrl,0.128,1.005,ctrl,0.128,0.903,ctrl,0.128,0.94,ctrl,0.128,0.85,ctrl
0.132,1.08,ctrl,0.132,0.832,ctrl,0.132,1.101,ctrl,0.132,1.02,ctrl,0.132,0.905,ctrl,0.132,0.944,ctrl,0.132,0.863,ctrl
0.136,1.098,ctrl,0.136,0.835,ctrl,0.136,1.113,ctrl,0.136,1.028,ctrl,0.136,0.91,ctrl,0.136,0.949,ctrl,0.136,0.873,ctrl
0.14,1.113,ctrl,0.14,0.84,ctrl,0.14,1.123,ctrl,0.14,1.034,ctrl,0.14,0.922,ctrl,0.14,0.949,ctrl,0.14,0.88,ctrl
0.144,1.124,ctrl,0.144,0.845,ctrl,0.144,1.133,ctrl,0.144,1.048,ctrl,0.144,0.932,ctrl,0.144,0.958,ctrl,0.144,0.881,ctrl
0.148,1.132,ctrl,0.148,0.85,ctrl,0.148,1.144,ctrl,0.148,1.053,ctrl,0.148,0.929,ctrl,0.148,0.965,ctrl,0.148,0.886,ctrl
0.152,1.143,ctrl,0.152,0.854,ctrl,0.152,1.152,ctrl,0.152,1.065,ctrl,0.152,0.936,ctrl,0.152,0.964,ctrl,0.152,0.889,ctrl
0.156,1.163,ctrl,0.156,0.855,ctrl,0.156,1.158,ctrl,0.156,1.063,ctrl,0.156,0.939,ctrl,0.156,0.971,ctrl,0.156,0.895,ctrl
0.16,1.165,ctrl,0.16,0.856,ctrl,0.16,1.165,ctrl,0.16,1.076,ctrl,0.16,0.947,ctrl,0.16,0.979,ctrl,0.16,0.895,ctrl
0.164,1.178,ctrl,0.164,0.86,ctrl,0.164,1.172,ctrl,0.164,1.082,ctrl,0.164,0.949,ctrl,0.164,0.984,ctrl,0.164,0.901,ctrl
0.168,1.19,ctrl,0.168,0.862,ctrl,0.168,1.185,ctrl,0.168,1.081,ctrl,0.168,0.95,ctrl,0.168,0.981,ctrl,0.168,0.904,ctrl
0.172,1.195,ctrl,0.172,0.865,ctrl,0.172,1.19,ctrl,0.172,1.087,ctrl,0.172,0.958,ctrl,0.172,0.981,ctrl,0.172,0.902,ctrl
0.176,1.208,ctrl,0.176,0.865,ctrl,0.176,1.199,ctrl,0.176,1.1,ctrl,0.176,0.957,ctrl,0.176,0.99,ctrl,0.176,0.908,ctrl
0.18,1.214,ctrl,0.18,0.871,ctrl,0.18,1.21,ctrl,0.18,1.103,ctrl,0.18,0.966,ctrl,0.18,0.99,ctrl,0.18,0.909,ctrl
0.184,1.219,ctrl,0.184,0.871,ctrl,0.184,1.213,ctrl,0.184,1.104,ctrl,0.184,0.963,ctrl,0.184,0.995,ctrl,0.184,0.91,ctrl
0.188,1.222,ctrl,0.188,0.87,ctrl,0.188,1.206,ctrl,0.188,1.11,ctrl,0.188,0.971,ctrl,0.188,1.001,ctrl,0.188,0.91,ctrl
0.192,1.234,ctrl,0.192,0.874,ctrl,0.192,1.227,ctrl,0.192,1.113,ctrl,0.192,0.975,ctrl,0.192,0.996,ctrl,0.192,0.914,ctrl
0.196,1.235,ctrl,0.196,0.873,ctrl,0.196,1.232,ctrl,0.196,1.117,ctrl,0.196,0.975,ctrl,0.196,1.003,ctrl,0.196,0.912,ctrl
0.2,1.243,ctrl,0.2,0.878,ctrl,0.2,1.234,ctrl,0.2,1.125,ctrl,0.2,0.978,ctrl,0.2,1.003,ctrl,0.2,0.915,ctrl
0.204,1.253,ctrl,0.204,0.875,ctrl,0.204,1.234,ctrl,0.204,1.127,ctrl,0.204,0.984,ctrl,0.204,1.012,ctrl,0.204,0.915,ctrl
0.208,1.258,ctrl,0.208,0.881,ctrl,0.208,1.241,ctrl,0.208,1.129,ctrl,0.208,0.986,ctrl,0.208,1.01,ctrl,0.208,0.921,ctrl
0.212,1.262,ctrl,0.212,0.881,ctrl,0.212,1.246,ctrl,0.212,1.137,ctrl,0.212,0.988,ctrl,0.212,1.013,ctrl,0.212,0.917,ctrl
0.216,1.277,ctrl,0.216,0.881,ctrl,0.216,1.247,ctrl,0.216,1.146,ctrl,0.216,0.99,ctrl,0.216,1.02,ctrl,0.216,0.918,ctrl
0.22,1.284,ctrl,0.22,0.882,ctrl,0.22,1.25,ctrl,0.22,1.141,ctrl,0.22,0.991,ctrl,0.22,1.018,ctrl,0.22,0.921,ctrl
0.224,1.282,ctrl,0.224,0.885,ctrl,0.224,1.258,ctrl,0.224,1.138,ctrl,0.224,0.996,ctrl,0.224,1.022,ctrl,0.224,0.927,ctrl
0.228,1.289,ctrl,0.228,0.889,ctrl,0.228,1.258,ctrl,0.228,1.142,ctrl,0.228,0.995,ctrl,0.228,1.024,ctrl,0.228,0.921,ctrl
0.232,1.294,ctrl,0.232,0.892,ctrl,0.232,1.262,ctrl,0.232,1.138,ctrl,0.232,0.998,ctrl,0.232,1.026,ctrl,0.232,0.923,ctrl
0.236,1.301,ctrl,0.236,0.888,ctrl,0.236,1.269,ctrl,0.236,1.155,ctrl,0.236,0.997,ctrl,0.236,1.03,ctrl,0.236,0.92,ctrl
0.24,1.306,ctrl,0.24,0.883,ctrl,0.24,1.268,ctrl,0.24,1.148,ctrl,0.24,1.006,ctrl,0.24,1.029,ctrl,0.24,0.929,ctrl
0.244,1.313,ctrl,0.244,0.892,ctrl,0.244,1.272,ctrl,0.244,1.164,ctrl,0.244,1.002,ctrl,0.244,1.027,ctrl,0.244,0.931,ctrl
0.248,1.305,ctrl,0.248,0.89,ctrl,0.248,1.273,ctrl,0.248,1.161,ctrl,0.248,1.007,ctrl,0.248,1.032,ctrl,0.248,0.93,ctrl
0.252,1.311,ctrl,0.252,0.895,ctrl,0.252,1.279,ctrl,0.252,1.162,ctrl,0.252,1.008,ctrl,0.252,1.033,ctrl,0.252,0.928,ctrl
0.256,1.323,ctrl,0.256,0.894,ctrl,0.256,1.286,ctrl,0.256,1.163,ctrl,0.256,1.008,ctrl,0.256,1.039,ctrl,0.256,0.929,ctrl
0.26,1.322,ctrl,0.26,0.896,ctrl,0.26,1.276,ctrl,0.26,1.168,ctrl,0.26,1.011,ctrl,0.26,1.044,ctrl,0.26,0.931,ctrl
0.264,1.343,ctrl,0.264,0.896,ctrl,0.264,1.286,ctrl,0.264,1.167,ctrl,0.264,1.01,ctrl,0.264,1.043,ctrl,0.264,0.93,ctrl
0.268,1.33,ctrl,0.268,0.897,ctrl,0.268,1.292,ctrl,0.268,1.169,ctrl,0.268,1.017,ctrl,0.268,1.039,ctrl,0.268,0.929,ctrl
0.272,1.335,ctrl,0.272,0.896,ctrl,0.272,1.289,ctrl,0.272,1.17,ctrl,0.272,1.017,ctrl,0.272,1.046,ctrl,0.272,0.932,ctrl
0.276,1.335,ctrl,0.276,0.894,ctrl,0.276,1.294,ctrl,0.276,1.172,ctrl,0.276,1.019,ctrl,0.276,1.047,ctrl,0.276,0.929,ctrl
0.28,1.343,ctrl,0.28,0.903,ctrl,0.28,1.304,ctrl,0.28,1.169,ctrl,0.28,1.028,ctrl,0.28,1.048,ctrl,0.28,0.937,ctrl
0.284,1.338,ctrl,0.284,0.902,ctrl,0.284,1.296,ctrl,0.284,1.171,ctrl,0.284,1.018,ctrl,0.284,1.046,ctrl,0.284,0.932,ctrl
0.288,1.344,ctrl,0.288,0.9,ctrl,0.288,1.303,ctrl,0.288,1.173,ctrl,0.288,1.02,ctrl,0.288,1.053,ctrl,0.288,0.932,ctrl
0.292,1.347,ctrl,0.292,0.902,ctrl,0.292,1.298,ctrl,0.292,1.179,ctrl,0.292,1.028,ctrl,0.292,1.056,ctrl,0.292,0.929,ctrl
0.296,1.341,ctrl,0.296,0.9,ctrl,0.296,1.302,ctrl,0.296,1.18,ctrl,0.296,1.022,ctrl,0.296,1.06,ctrl,0.296,0.935,ctrl
0.3,1.349,ctrl,0.3,0.902,ctrl,0.3,1.303,ctrl,0.3,1.178,ctrl,0.3,1.025,ctrl,0.3,1.055,ctrl,0.3,0.933,ctrl
0.304,1.351,ctrl,0.304,0.904,ctrl,0.304,1.304,ctrl,0.304,1.179,ctrl,0.304,1.027,ctrl,0.304,1.053,ctrl,0.304,0.936,ctrl
0.308,1.367,ctrl,0.308,0.903,ctrl,0.308,1.314,ctrl,0.308,1.175,ctrl,0.308,1.031,ctrl,0.308,1.061,ctrl,0.308,0.935,ctrl
0.312,1.362,ctrl,0.312,0.908,ctrl,0.312,1.308,ctrl,0.312,1.181,ctrl,0.312,1.032,ctrl,0.312,1.06,ctrl,0.312,0.935,ctrl
0.316,1.367,ctrl,0.316,0.901,ctrl,0.316,1.312,ctrl,0.316,1.185,ctrl,0.316,1.028,ctrl,0.316,1.065,ctrl,0.316,0.934,ctrl
0.32,1.371,ctrl,0.32,0.903,ctrl,0.32,1.312,ctrl,0.32,1.181,ctrl,0.32,1.034,ctrl,0.32,1.062,ctrl,0.32,0.935,ctrl
0.324,1.35,ctrl,0.324,0.904,ctrl,0.324,1.313,ctrl,0.324,1.182,ctrl,0.324,1.038,ctrl,0.324,1.062,ctrl,0.324,0.934,ctrl
0.328,1.359,ctrl,0.328,0.906,ctrl,0.328,1.313,ctrl,0.328,1.186,ctrl,0.328,1.031,ctrl,0.328,1.067,ctrl,0.328,0.934,ctrl
0.332,1.361,ctrl,0.332,0.911,ctrl,0.332,1.309,ctrl,0.332,1.179,ctrl,0.332,1.031,ctrl,0.332,1.069,ctrl,0.332,0.932,ctrl
0.336,1.37,ctrl,0.336,0.908,ctrl,0.336,1.305,ctrl,0.336,1.179,ctrl,0.336,1.036,ctrl,0.336,1.067,ctrl,0.336,0.941,ctrl
0.34,1.355,ctrl,0.34,0.903,ctrl,0.34,1.31,ctrl,0.34,1.179,ctrl,0.34,1.033,ctrl,0.34,1.071,ctrl,0.34,0.936,ctrl
0.344,1.363,ctrl,0.344,0.904,ctrl,0.344,1.312,ctrl,0.344,1.187,ctrl,0.344,1.032,ctrl,0.344,1.073,ctrl,0.344,0.934,ctrl
0.348,1.362,ctrl,0.348,0.908,ctrl,0.348,1.308,ctrl,0.348,1.182,ctrl,0.348,1.03,ctrl,0.348,1.067,ctrl,0.348,0.933,ctrl
0.352,1.355,ctrl,0.352,0.904,ctrl,0.352,1.31,ctrl,0.352,1.184,ctrl,0.352,1.034,ctrl,0.352,1.073,ctrl,0.352,0.933,ctrl
0.356,1.364,ctrl,0.356,0.908,ctrl,0.356,1.309,ctrl,0.356,1.184,ctrl,0.356,1.033,ctrl,0.356,1.076,ctrl,0.356,0.933,ctrl
0.36,1.361,ctrl,0.36,0.912,ctrl,0.36,1.304,ctrl,0.36,1.178,ctrl,0.36,1.036,ctrl,0.36,1.075,ctrl,0.36,0.932,ctrl
0.364,1.355,ctrl,0.364,0.909,ctrl,0.364,1.315,ctrl,0.364,1.176,ctrl,0.364,1.033,ctrl,0.364,1.078,ctrl,0.364,0.936,ctrl
0.368,1.358,ctrl,0.368,0.909,ctrl,0.368,1.317,ctrl,0.368,1.18,ctrl,0.368,1.034,ctrl,0.368,1.079,ctrl,0.368,0.933,ctrl
0.372,1.346,ctrl,0.372,0.906,ctrl,0.372,1.311,ctrl,0.372,1.181,ctrl,0.372,1.033,ctrl,0.372,1.081,ctrl,0.372,0.928,ctrl
0.376,1.352,ctrl,0.376,0.909,ctrl,0.376,1.313,ctrl,0.376,1.176,ctrl,0.376,1.034,ctrl,0.376,1.083,ctrl,0.376,0.93,ctrl
0.38,1.348,ctrl,0.38,0.909,ctrl,0.38,1.314,ctrl,0.38,1.181,ctrl,0.38,1.03,ctrl,0.38,1.081,ctrl,0.38,0.934,ctrl
0.384,1.349,ctrl,0.384,0.912,ctrl,0.384,1.305,ctrl,0.384,1.179,ctrl,0.384,1.033,ctrl,0.384,1.084,ctrl,0.384,0.931,ctrl
0.388,1.351,ctrl,0.388,0.909,ctrl,0.388,1.303,ctrl,0.388,1.178,ctrl,0.388,1.031,ctrl,0.388,1.079,ctrl,0.388,0.932,ctrl
0.392,1.345,ctrl,0.392,0.907,ctrl,0.392,1.308,ctrl,0.392,1.173,ctrl,0.392,1.031,ctrl,0.392,1.084,ctrl,0.392,0.932,ctrl
0.396,1.343,ctrl,0.396,0.909,ctrl,0.396,1.301,ctrl,0.396,1.174,ctrl,0.396,1.024,ctrl,0.396,1.083,ctrl,0.396,0.928,ctrl
0.4,1.341,ctrl,0.4,0.911,ctrl,0.4,1.308,ctrl,0.4,1.169,ctrl,0.4,1.024,ctrl,0.4,1.08,ctrl,0.4,0.929,ctrl
0.404,1.338,ctrl,0.404,0.91,ctrl,0.404,1.296,ctrl,0.404,1.173,ctrl,0.404,1.026,ctrl,0.404,1.081,ctrl,0.404,0.931,ctrl
0.408,1.333,ctrl,0.408,0.91,ctrl,0.408,1.3,ctrl,0.408,1.168,ctrl,0.408,1.024,ctrl,0.408,1.089,ctrl,0.408,0.927,ctrl
0.412,1.336,ctrl,0.412,0.91,ctrl,0.412,1.293,ctrl,0.412,1.169,ctrl,0.412,1.025,ctrl,0.412,1.091,ctrl,0.412,0.93,ctrl
0.416,1.335,ctrl,0.416,0.911,ctrl,0.416,1.294,ctrl,0.416,1.162,ctrl,0.416,1.023,ctrl,0.416,1.085,ctrl,0.416,0.927,ctrl
0.42,1.332,ctrl,0.42,0.907,ctrl,0.42,1.294,ctrl,0.42,1.166,ctrl,0.42,1.02,ctrl,0.42,1.09,ctrl,0.42,0.93,ctrl
0.424,1.32,ctrl,0.424,0.908,ctrl,0.424,1.297,ctrl,0.424,1.16,ctrl,0.424,1.022,ctrl,0.424,1.089,ctrl,0.424,0.926,ctrl
0.428,1.317,ctrl,0.428,0.911,ctrl,0.428,1.276,ctrl,0.428,1.157,ctrl,0.428,1.016,ctrl,0.428,1.087,ctrl,0.428,0.923,ctrl
0.432,1.319,ctrl,0.432,0.908,ctrl,0.432,1.282,ctrl,0.432,1.156,ctrl,0.432,1.02,ctrl,0.432,1.084,ctrl,0.432,0.923,ctrl
0.436,1.321,ctrl,0.436,0.908,ctrl,0.436,1.281,ctrl,0.436,1.154,ctrl,0.436,1.015,ctrl,0.436,1.084,ctrl,0.436,0.922,ctrl
0.44,1.313,ctrl,0.44,0.907,ctrl,0.44,1.281,ctrl,0.44,1.156,ctrl,0.44,1.014,ctrl,0.44,1.089,ctrl,0.44,0.921,ctrl
0.444,1.315,ctrl,0.444,0.905,ctrl,0.444,1.285,ctrl,0.444,1.154,ctrl,0.444,1.01,ctrl,0.444,1.086,ctrl,0.444,0.923,ctrl
0.448,1.3,ctrl,0.448,0.902,ctrl,0.448,1.272,ctrl,0.448,1.146,ctrl,0.448,1.004,ctrl,0.448,1.09,ctrl,0.448,0.919,ctrl
0.452,1.31,ctrl,0.452,0.905,ctrl,0.452,1.277,ctrl,0.452,1.151,ctrl,0.452,1.008,ctrl,0.452,1.089,ctrl,0.452,0.918,ctrl
0.456,1.308,ctrl,0.456,0.904,ctrl,0.456,1.268,ctrl,0.456,1.143,ctrl,0.456,1.006,ctrl,0.456,1.091,ctrl,0.456,0.917,ctrl
0.46,1.294,ctrl,0.46,0.901,ctrl,0.46,1.264,ctrl,0.46,1.14,ctrl,0.46,1.012,ctrl,0.46,1.089,ctrl,0.46,0.918,ctrl
0.464,1.291,ctrl,0.464,0.906,ctrl,0.464,1.261,ctrl,0.464,1.144,ctrl,0.464,1.007,ctrl,0.464,1.086,ctrl,0.464,0.917,ctrl
0.468,1.292,ctrl,0.468,0.905,ctrl,0.468,1.258,ctrl,0.468,1.139,ctrl,0.468,1.004,ctrl,0.468,1.088,ctrl,0.468,0.915,ctrl
0.472,1.29,ctrl,0.472,0.905,ctrl,0.472,1.256,ctrl,0.472,1.139,ctrl,0.472,1.001,ctrl,0.472,1.087,ctrl,0.472,0.915,ctrl
0.476,1.287,ctrl,0.476,0.902,ctrl,0.476,1.249,ctrl,0.476,1.136,ctrl,0.476,1.001,ctrl,0.476,1.088,ctrl,0.476,0.911,ctrl
0.48,1.281,ctrl,0.48,0.901,ctrl,0.48,1.249,ctrl,0.48,1.133,ctrl,0.48,1.002,ctrl,0.48,1.089,ctrl,0.48,0.914,ctrl
0.484,1.276,ctrl,0.484,0.9,ctrl,0.484,1.243,ctrl,0.484,1.13,ctrl,0.484,0.994,ctrl,0.484,1.082,ctrl,0.484,0.909,ctrl
0.488,1.272,ctrl,0.488,0.902,ctrl,0.488,1.236,ctrl,0.488,1.122,ctrl,0.488,0.996,ctrl,0.488,1.085,ctrl,0.488,0.912,ctrl
0.492,1.264,ctrl,0.492,0.896,ctrl,0.492,1.231,ctrl,0.492,1.127,ctrl,0.492,0.99,ctrl,0.492,1.087,ctrl,0.492,0.911,ctrl
0.496,1.271,ctrl,0.496,0.901,ctrl,0.496,1.23,ctrl,0.496,1.123,ctrl,0.496,0.991,ctrl,0.496,1.087,ctrl,0.496,0.911,ctrl
0.5,1.265,ctrl,0.5,0.896,ctrl,0.5,1.221,ctrl,0.5,1.118,ctrl,0.5,0.991,ctrl,0.5,1.079,ctrl,0.5,0.908,ctrl
0.504,1.251,ctrl,0.504,0.895,ctrl,0.504,1.22,ctrl,0.504,1.119,ctrl,0.504,0.986,ctrl,0.504,1.082,ctrl,0.504,0.909,ctrl
0.508,1.245,ctrl,0.508,0.895,ctrl,0.508,1.218,ctrl,0.508,1.114,ctrl,0.508,0.984,ctrl,0.508,1.088,ctrl,0.508,0.906,ctrl
0.512,1.249,ctrl,0.512,0.892,ctrl,0.512,1.214,ctrl,0.512,1.113,ctrl,0.512,0.985,ctrl,0.512,1.084,ctrl,0.512,0.904,ctrl
0.516,1.247,ctrl,0.516,0.894,ctrl,0.516,1.212,ctrl,0.516,1.111,ctrl,0.516,0.982,ctrl,0.516,1.082,ctrl,0.516,0.905,ctrl
0.52,1.238,ctrl,0.52,0.892,ctrl,0.52,1.197,ctrl,0.52,1.109,ctrl,0.52,0.977,ctrl,0.52,1.086,ctrl,0.52,0.901,ctrl
0.524,1.237,ctrl,0.524,0.892,ctrl,0.524,1.195,ctrl,0.524,1.108,ctrl,0.524,0.977,ctrl,0.524,1.082,ctrl,0.524,0.899,ctrl
0.528,1.23,ctrl,0.528,0.887,ctrl,0.528,1.196,ctrl,0.528,1.104,ctrl,0.528,0.971,ctrl,0.528,1.079,ctrl,0.528,0.895,ctrl
0.532,1.224,ctrl,0.532,0.89,ctrl,0.532,1.196,ctrl,0.532,1.103,ctrl,0.532,0.962,ctrl,0.532,1.078,ctrl,0.532,0.895,ctrl
0.536,1.216,ctrl,0.536,0.886,ctrl,0.536,1.187,ctrl,0.536,1.093,ctrl,0.536,0.969,ctrl,0.536,1.08,ctrl,0.536,0.902,ctrl
0.54,1.224,ctrl,0.54,0.889,ctrl,0.54,1.179,ctrl,0.54,1.097,ctrl,0.54,0.965,ctrl,0.54,1.077,ctrl,0.54,0.894,ctrl
0.544,1.216,ctrl,0.544,0.888,ctrl,0.544,1.176,ctrl,0.544,1.097,ctrl,0.544,0.966,ctrl,0.544,1.077,ctrl,0.544,0.894,ctrl
0.548,1.207,ctrl,0.548,0.884,ctrl,0.548,1.166,ctrl,0.548,1.088,ctrl,0.548,0.964,ctrl,0.548,1.075,ctrl,0.548,0.893,ctrl
0.552,1.208,ctrl,0.552,0.88,ctrl,0.552,1.17,ctrl,0.552,1.09,ctrl,0.552,0.963,ctrl,0.552,1.071,ctrl,0.552,0.892,ctrl
0.556,1.2,ctrl,0.556,0.881,ctrl,0.556,1.163,ctrl,0.556,1.085,ctrl,0.556,0.959,ctrl,0.556,1.072,ctrl,0.556,0.892,ctrl
0.56,1.193,ctrl,0.56,0.879,ctrl,0.56,1.157,ctrl,0.56,1.085,ctrl,0.56,0.958,ctrl,0.56,1.073,ctrl,0.56,0.889,ctrl
0.564,1.195,ctrl,0.564,0.882,ctrl,0.564,1.152,ctrl,0.564,1.081,ctrl,0.564,0.955,ctrl,0.564,1.065,ctrl,0.564,0.886,ctrl
0.568,1.192,ctrl,0.568,0.876,ctrl,0.568,1.152,ctrl,0.568,1.076,ctrl,0.568,0.952,ctrl,0.568,1.073,ctrl,0.568,0.887,ctrl
0.572,1.188,ctrl,0.572,0.876,ctrl,0.572,1.147,ctrl,0.572,1.079,ctrl,0.572,0.952,ctrl,0.572,1.071,ctrl,0.572,0.888,ctrl
0.576,1.183,ctrl,0.576,0.872,ctrl,0.576,1.142,ctrl,0.576,1.075,ctrl,0.576,0.941,ctrl,0.576,1.068,ctrl,0.576,0.883,ctrl
0.58,1.176,ctrl,0.58,0.873,ctrl,0.58,1.141,ctrl,0.58,1.072,ctrl,0.58,0.943,ctrl,0.58,1.065,ctrl,0.58,0.885,ctrl
0.584,1.174,ctrl,0.584,0.874,ctrl,0.584,1.127,ctrl,0.584,1.068,ctrl,0.584,0.945,ctrl,0.584,1.063,ctrl,0.584,0.887,ctrl
0.588,1.173,ctrl,0.588,0.873,ctrl,0.588,1.133,ctrl,0.588,1.071,ctrl,0.588,0.944,ctrl,0.588,1.057,ctrl,0.588,0.879,ctrl
0.592,1.166,ctrl,0.592,0.873,ctrl,0.592,1.117,ctrl,0.592,1.064,ctrl,0.592,0.943,ctrl,0.592,1.064,ctrl,0.592,0.885,ctrl
0.596,1.166,ctrl,0.596,0.868,ctrl,0.596,1.123,ctrl,0.596,1.061,ctrl,0.596,0.933,ctrl,0.596,1.058,ctrl,0.596,0.874,ctrl
0.6,1.164,ctrl,0.6,0.872,ctrl,0.6,1.119,ctrl,0.6,1.061,ctrl,0.6,0.933,ctrl,0.6,1.059,ctrl,0.6,0.878,ctrl
0.604,1.149,ctrl,0.604,0.866,ctrl,0.604,1.112,ctrl,0.604,1.054,ctrl,0.604,0.934,ctrl,0.604,1.056,ctrl,0.604,0.875,ctrl
0.608,1.146,ctrl,0.608,0.868,ctrl,0.608,1.109,ctrl,0.608,1.056,ctrl,0.608,0.933,ctrl,0.608,1.052,ctrl,0.608,0.873,ctrl
0.612,1.147,ctrl,0.612,0.865,ctrl,0.612,1.107,ctrl,0.612,1.052,ctrl,0.612,0.927,ctrl,0.612,1.053,ctrl,0.612,0.873,ctrl
0.616,1.145,ctrl,0.616,0.859,ctrl,0.616,1.1,ctrl,0.616,1.048,ctrl,0.616,0.926,ctrl,0.616,1.047,ctrl,0.616,0.872,ctrl
0.62,1.132,ctrl,0.62,0.857,ctrl,0.62,1.09,ctrl,0.62,1.051,ctrl,0.62,0.929,ctrl,0.62,1.052,ctrl,0.62,0.871,ctrl
0.624,1.14,ctrl,0.624,0.856,ctrl,0.624,1.089,ctrl,0.624,1.042,ctrl,0.624,0.926,ctrl,0.624,1.049,ctrl,0.624,0.869,ctrl
0.628,1.134,ctrl,0.628,0.857,ctrl,0.628,1.094,ctrl,0.628,1.044,ctrl,0.628,0.924,ctrl,0.628,1.049,ctrl,0.628,0.869,ctrl
0.632,1.131,ctrl,0.632,0.853,ctrl,0.632,1.082,ctrl,0.632,1.036,ctrl,0.632,0.915,ctrl,0.632,1.046,ctrl,0.632,0.868,ctrl
0.636,1.116,ctrl,0.636,0.855,ctrl,0.636,1.08,ctrl,0.636,1.038,ctrl,0.636,0.915,ctrl,0.636,1.038,ctrl,0.636,0.865,ctrl
0.64,1.118,ctrl,0.64,0.848,ctrl,0.64,1.078,ctrl,0.64,1.037,ctrl,0.64,0.919,ctrl,0.64,1.039,ctrl,0.64,0.864,ctrl
0.644,1.105,ctrl,0.644,0.846,ctrl,0.644,1.066,ctrl,0.644,1.034,ctrl,0.644,0.913,ctrl,0.644,1.038,ctrl,0.644,0.866,ctrl
0.648,1.108,ctrl,0.648,0.851,ctrl,0.648,1.066,ctrl,0.648,1.032,ctrl,0.648,0.911,ctrl,0.648,1.039,ctrl,0.648,0.86,ctrl
0.652,1.102,ctrl,0.652,0.843,ctrl,0.652,1.067,ctrl,0.652,1.032,ctrl,0.652,0.909,ctrl,0.652,1.034,ctrl,0.652,0.86,ctrl
0.656,1.103,ctrl,0.656,0.846,ctrl,0.656,1.06,ctrl,0.656,1.022,ctrl,0.656,0.909,ctrl,0.656,1.032,ctrl,0.656,0.858,ctrl
0.66,1.104,ctrl,0.66,0.844,ctrl,0.66,1.055,ctrl,0.66,1.029,ctrl,0.66,0.907,ctrl,0.66,1.027,ctrl,0.66,0.865,ctrl
0.664,1.095,ctrl,0.664,0.841,ctrl,0.664,1.047,ctrl,0.664,1.02,ctrl,0.664,0.906,ctrl,0.664,1.027,ctrl,0.664,0.858,ctrl
0.668,1.089,ctrl,0.668,0.841,ctrl,0.668,1.053,ctrl,0.668,1.022,ctrl,0.668,0.904,ctrl,0.668,1.027,ctrl,0.668,0.859,ctrl
0.672,1.09,ctrl,0.672,0.835,ctrl,0.672,1.045,ctrl,0.672,1.021,ctrl,0.672,0.899,ctrl,0.672,1.024,ctrl,0.672,0.858,ctrl
0.676,1.093,ctrl,0.676,0.837,ctrl,0.676,1.046,ctrl,0.676,1.021,ctrl,0.676,0.906,ctrl,0.676,1.025,ctrl,0.676,0.855,ctrl
0.68,1.082,ctrl,0.68,0.835,ctrl,0.68,1.046,ctrl,0.68,1.013,ctrl,0.68,0.894,ctrl,0.68,1.022,ctrl,0.68,0.856,ctrl
0.684,1.081,ctrl,0.684,0.836,ctrl,0.684,1.039,ctrl,0.684,1.009,ctrl,0.684,0.894,ctrl,0.684,1.021,ctrl,0.684,0.855,ctrl
0.688,1.077,ctrl,0.688,0.833,ctrl,0.688,1.034,ctrl,0.688,1.009,ctrl,0.688,0.896,ctrl,0.688,1.016,ctrl,0.688,0.85,ctrl
0.692,1.077,ctrl,0.692,0.836,ctrl,0.692,1.029,ctrl,0.692,1.011,ctrl,0.692,0.894,ctrl,0.692,1.01,ctrl,0.692,0.855,ctrl
0.696,1.075,ctrl,0.696,0.828,ctrl,0.696,1.032,ctrl,0.696,1.002,ctrl,0.696,0.892,ctrl,0.696,1.018,ctrl,0.696,0.852,ctrl
0.7,1.069,ctrl,0.7,0.826,ctrl,0.7,1.027,ctrl,0.7,1.006,ctrl,0.7,0.888,ctrl,0.7,1.015,ctrl,0.7,0.852,ctrl
0.704,1.06,ctrl,0.704,0.824,ctrl,0.704,1.024,ctrl,0.704,0.999,ctrl,0.704,0.885,ctrl,0.704,1.006,ctrl,0.704,0.847,ctrl
0.708,1.066,ctrl,0.708,0.827,ctrl,0.708,1.016,ctrl,0.708,1.007,ctrl,0.708,0.886,ctrl,0.708,1.002,ctrl,0.708,0.846,ctrl
0.712,1.062,ctrl,0.712,0.822,ctrl,0.712,1.011,ctrl,0.712,1,ctrl,0.712,0.884,ctrl,0.712,0.999,ctrl,0.712,0.85,ctrl
0.716,1.053,ctrl,0.716,0.822,ctrl,0.716,1.012,ctrl,0.716,0.998,ctrl,0.716,0.882,ctrl,0.716,1.003,ctrl,0.716,0.842,ctrl
0.72,1.049,ctrl,0.72,0.819,ctrl,0.72,1.01,ctrl,0.72,0.997,ctrl,0.72,0.883,ctrl,0.72,1,ctrl,0.72,0.847,ctrl
0.724,1.05,ctrl,0.724,0.818,ctrl,0.724,1.012,ctrl,0.724,0.994,ctrl,0.724,0.88,ctrl,0.724,0.995,ctrl,0.724,0.845,ctrl
0.728,1.038,ctrl,0.728,0.819,ctrl,0.728,1.01,ctrl,0.728,0.993,ctrl,0.728,0.879,ctrl,0.728,0.992,ctrl,0.728,0.843,ctrl
0.732,1.039,ctrl,0.732,0.812,ctrl,0.732,1.004,ctrl,0.732,0.991,ctrl,0.732,0.881,ctrl,0.732,0.997,ctrl,0.732,0.842,ctrl
0.736,1.042,ctrl,0.736,0.815,ctrl,0.736,0.995,ctrl,0.736,0.984,ctrl,0.736,0.874,ctrl,0.736,0.991,ctrl,0.736,0.84,ctrl
0.74,1.035,ctrl,0.74,0.814,ctrl,0.74,1.001,ctrl,0.74,0.983,ctrl,0.74,0.875,ctrl,0.74,0.987,ctrl,0.74,0.843,ctrl
0.744,1.037,ctrl,0.744,0.812,ctrl,0.744,0.996,ctrl,0.744,0.986,ctrl,0.744,0.874,ctrl,0.744,0.984,ctrl,0.744,0.843,ctrl
0.748,1.034,ctrl,0.748,0.807,ctrl,0.748,0.991,ctrl,0.748,0.987,ctrl,0.748,0.871,ctrl,0.748,0.985,ctrl,0.748,0.843,ctrl
0.752,1.028,ctrl,0.752,0.807,ctrl,0.752,0.995,ctrl,0.752,0.985,ctrl,0.752,0.871,ctrl,0.752,0.981,ctrl,0.752,0.841,ctrl
0.756,1.031,ctrl,0.756,0.807,ctrl,0.756,0.99,ctrl,0.756,0.982,ctrl,0.756,0.869,ctrl,0.756,0.979,ctrl,0.756,0.836,ctrl
0.76,1.026,ctrl,0.76,0.803,ctrl,0.76,0.986,ctrl,0.76,0.98,ctrl,0.76,0.869,ctrl,0.76,0.973,ctrl,0.76,0.84,ctrl
0.764,1.017,ctrl,0.764,0.806,ctrl,0.764,0.987,ctrl,0.764,0.977,ctrl,0.764,0.865,ctrl,0.764,0.972,ctrl,0.764,0.837,ctrl
0.768,1.015,ctrl,0.768,0.8,ctrl,0.768,0.978,ctrl,0.768,0.977,ctrl,0.768,0.866,ctrl,0.768,0.973,ctrl,0.768,0.843,ctrl
0.772,1.014,ctrl,0.772,0.801,ctrl,0.772,0.973,ctrl,0.772,0.971,ctrl,0.772,0.862,ctrl,0.772,0.968,ctrl,0.772,0.833,ctrl
0.776,1.016,ctrl,0.776,0.8,ctrl,0.776,0.98,ctrl,0.776,0.969,ctrl,0.776,0.865,ctrl,0.776,0.968,ctrl,0.776,0.83,ctrl
0.78,1.01,ctrl,0.78,0.801,ctrl,0.78,0.973,ctrl,0.78,0.962,ctrl,0.78,0.862,ctrl,0.78,0.965,ctrl,0.78,0.835,ctrl
0.784,1.006,ctrl,0.784,0.799,ctrl,0.784,0.972,ctrl,0.784,0.97,ctrl,0.784,0.859,ctrl,0.784,0.961,ctrl,0.784,0.835,ctrl
0.788,1.001,ctrl,0.788,0.796,ctrl,0.788,0.962,ctrl,0.788,0.963,ctrl,0.788,0.857,ctrl,0.788,0.959,ctrl,0.788,0.832,ctrl
0.792,1.001,ctrl,0.792,0.801,ctrl,0.792,0.965,ctrl,0.792,0.962,ctrl,0.792,0.861,ctrl,0.792,0.955,ctrl,0.792,0.83,ctrl
0.796,1.002,ctrl,0.796,0.794,ctrl,0.796,0.965,ctrl,0.796,0.965,ctrl,0.796,0.855,ctrl,0.796,0.955,ctrl,0.796,0.83,ctrl
0.8,1.001,ctrl,0.8,0.797,ctrl,0.8,0.964,ctrl,0.8,0.966,ctrl,0.8,0.854,ctrl,0.8,0.953,ctrl,0.8,0.829,ctrl
0.804,0.997,ctrl,0.804,0.792,ctrl,0.804,0.96,ctrl,0.804,0.959,ctrl,0.804,0.855,ctrl,0.804,0.956,ctrl,0.804,0.827,ctrl
0.808,0.991,ctrl,0.808,0.793,ctrl,0.808,0.958,ctrl,0.808,0.959,ctrl,0.808,0.851,ctrl,0.808,0.951,ctrl,0.808,0.828,ctrl
0.812,0.988,ctrl,0.812,0.789,ctrl,0.812,0.963,ctrl,0.812,0.957,ctrl,0.812,0.849,ctrl,0.812,0.947,ctrl,0.812,0.826,ctrl
0.816,0.982,ctrl,0.816,0.79,ctrl,0.816,0.957,ctrl,0.816,0.958,ctrl,0.816,0.846,ctrl,0.816,0.951,ctrl,0.816,0.827,ctrl
0.82,0.989,ctrl,0.82,0.79,ctrl,0.82,0.955,ctrl,0.82,0.954,ctrl,0.82,0.843,ctrl,0.82,0.945,ctrl,0.82,0.826,ctrl
0.824,0.98,ctrl,0.824,0.786,ctrl,0.824,0.951,ctrl,0.824,0.957,ctrl,0.824,0.848,ctrl,0.824,0.941,ctrl,0.824,0.826,ctrl
0.828,0.979,ctrl,0.828,0.787,ctrl,0.828,0.954,ctrl,0.828,0.954,ctrl,0.828,0.843,ctrl,0.828,0.942,ctrl,0.828,0.823,ctrl
0.832,0.981,ctrl,0.832,0.781,ctrl,0.832,0.947,ctrl,0.832,0.949,ctrl,0.832,0.84,ctrl,0.832,0.937,ctrl,0.832,0.822,ctrl
0.836,0.982,ctrl,0.836,0.783,ctrl,0.836,0.949,ctrl,0.836,0.946,ctrl,0.836,0.839,ctrl,0.836,0.937,ctrl,0.836,0.825,ctrl
0.84,0.977,ctrl,0.84,0.781,ctrl,0.84,0.942,ctrl,0.84,0.951,ctrl,0.84,0.845,ctrl,0.84,0.933,ctrl,0.84,0.825,ctrl
0.844,0.972,ctrl,0.844,0.782,ctrl,0.844,0.941,ctrl,0.844,0.944,ctrl,0.844,0.838,ctrl,0.844,0.934,ctrl,0.844,0.822,ctrl
0.848,0.974,ctrl,0.848,0.78,ctrl,0.848,0.94,ctrl,0.848,0.946,ctrl,0.848,0.835,ctrl,0.848,0.927,ctrl,0.848,0.821,ctrl
0.852,0.971,ctrl,0.852,0.778,ctrl,0.852,0.942,ctrl,0.852,0.946,ctrl,0.852,0.835,ctrl,0.852,0.928,ctrl,0.852,0.819,ctrl
0.856,0.965,ctrl,0.856,0.778,ctrl,0.856,0.936,ctrl,0.856,0.943,ctrl,0.856,0.834,ctrl,0.856,0.928,ctrl,0.856,0.819,ctrl
0.86,0.961,ctrl,0.86,0.78,ctrl,0.86,0.938,ctrl,0.86,0.939,ctrl,0.86,0.835,ctrl,0.86,0.922,ctrl,0.86,0.822,ctrl
0.864,0.963,ctrl,0.864,0.778,ctrl,0.864,0.933,ctrl,0.864,0.942,ctrl,0.864,0.835,ctrl,0.864,0.923,ctrl,0.864,0.82,ctrl
0.868,0.962,ctrl,0.868,0.773,ctrl,0.868,0.93,ctrl,0.868,0.938,ctrl,0.868,0.827,ctrl,0.868,0.923,ctrl,0.868,0.821,ctrl
0.872,0.958,ctrl,0.872,0.777,ctrl,0.872,0.936,ctrl,0.872,0.942,ctrl,0.872,0.83,ctrl,0.872,0.922,ctrl,0.872,0.817,ctrl
0.876,0.955,ctrl,0.876,0.773,ctrl,0.876,0.933,ctrl,0.876,0.936,ctrl,0.876,0.832,ctrl,0.876,0.917,ctrl,0.876,0.819,ctrl
0.88,0.958,ctrl,0.88,0.774,ctrl,0.88,0.929,ctrl,0.88,0.929,ctrl,0.88,0.833,ctrl,0.88,0.919,ctrl,0.88,0.817,ctrl
0.884,0.956,ctrl,0.884,0.771,ctrl,0.884,0.924,ctrl,0.884,0.934,ctrl,0.884,0.829,ctrl,0.884,0.909,ctrl,0.884,0.815,ctrl
0.888,0.952,ctrl,0.888,0.769,ctrl,0.888,0.928,ctrl,0.888,0.934,ctrl,0.888,0.828,ctrl,0.888,0.911,ctrl,0.888,0.814,ctrl
0.892,0.947,ctrl,0.892,0.768,ctrl,0.892,0.921,ctrl,0.892,0.931,ctrl,0.892,0.828,ctrl,0.892,0.911,ctrl,0.892,0.817,ctrl
0.896,0.95,ctrl,0.896,0.769,ctrl,0.896,0.923,ctrl,0.896,0.936,ctrl,0.896,0.825,ctrl,0.896,0.905,ctrl,0.896,0.814,ctrl
0.9,0.949,ctrl,0.9,0.767,ctrl,0.9,0.919,ctrl,0.9,0.93,ctrl,0.9,0.826,ctrl,0.9,0.904,ctrl,0.9,0.813,ctrl
0.904,0.953,ctrl,0.904,0.767,ctrl,0.904,0.919,ctrl,0.904,0.929,ctrl,0.904,0.823,ctrl,0.904,0.909,ctrl,0.904,0.811,ctrl
0.908,0.945,ctrl,0.908,0.77,ctrl,0.908,0.922,ctrl,0.908,0.927,ctrl,0.908,0.82,ctrl,0.908,0.906,ctrl,0.908,0.81,ctrl
0.912,0.939,ctrl,0.912,0.766,ctrl,0.912,0.918,ctrl,0.912,0.923,ctrl,0.912,0.82,ctrl,0.912,0.904,ctrl,0.912,0.811,ctrl
0.916,0.943,ctrl,0.916,0.765,ctrl,0.916,0.919,ctrl,0.916,0.929,ctrl,0.916,0.822,ctrl,0.916,0.9,ctrl,0.916,0.811,ctrl
0.92,0.942,ctrl,0.92,0.764,ctrl,0.92,0.913,ctrl,0.92,0.924,ctrl,0.92,0.82,ctrl,0.92,0.902,ctrl,0.92,0.81,ctrl
0.924,0.935,ctrl,0.924,0.761,ctrl,0.924,0.915,ctrl,0.924,0.917,ctrl,0.924,0.817,ctrl,0.924,0.902,ctrl,0.924,0.811,ctrl
0.928,0.936,ctrl,0.928,0.763,ctrl,0.928,0.911,ctrl,0.928,0.919,ctrl,0.928,0.815,ctrl,0.928,0.895,ctrl,0.928,0.808,ctrl
0.932,0.937,ctrl,0.932,0.762,ctrl,0.932,0.904,ctrl,0.932,0.921,ctrl,0.932,0.815,ctrl,0.932,0.891,ctrl,0.932,0.811,ctrl
0.936,0.934,ctrl,0.936,0.759,ctrl,0.936,0.91,ctrl,0.936,0.917,ctrl,0.936,0.816,ctrl,0.936,0.894,ctrl,0.936,0.807,ctrl
0.94,0.935,ctrl,0.94,0.762,ctrl,0.94,0.904,ctrl,0.94,0.916,ctrl,0.94,0.815,ctrl,0.94,0.891,ctrl,0.94,0.808,ctrl
0.944,0.929,ctrl,0.944,0.76,ctrl,0.944,0.907,ctrl,0.944,0.92,ctrl,0.944,0.813,ctrl,0.944,0.889,ctrl,0.944,0.809,ctrl
0.948,0.93,ctrl,0.948,0.761,ctrl,0.948,0.905,ctrl,0.948,0.918,ctrl,0.948,0.811,ctrl,0.948,0.888,ctrl,0.948,0.808,ctrl
