Time,Fura_10,Group,Time,Fura_11,Group,Time,Fura_12,Group,Time,Fura_13,Group,Time,Fura_14,Group,Time,Fura_15,Group,Time,Fura_17,Group
0,1.109,ank,0,1.043,ank,0,0.937,ank,0,1.051,ank,0,1.149,ank,0,1.03,ank,0,1.081,ank
0.004,1.112,ank,0.004,1.048,ank,0.004,0.942,ank,0.004,1.053,ank,0.004,1.145,ank,0.004,1.026,ank,0.004,1.079,ank
0.008,1.1,ank,0.008,1.046,ank,0.008,0.94,ank,0.008,1.045,ank,0.008,1.152,ank,0.008,1.028,ank,0.008,1.073,ank
0.012,1.114,ank,0.012,1.044,ank,0.012,0.939,ank,0.012,1.044,ank,0.012,1.15,ank,0.012,1.031,ank,0.012,1.078,ank
0.016,1.116,ank,0.016,1.042,ank,0.016,0.934,ank,0.016,1.055,ank,0.016,1.147,ank,0.016,1.018,ank,0.016,1.074,ank
0.02,1.114,ank,0.02,1.039,ank,0.02,0.935,ank,0.02,1.04,ank,0.02,1.139,ank,0.02,1.024,ank,0.02,1.082,ank
0.024,1.106,ank,0.024,1.039,ank,0.024,0.936,ank,0.024,1.048,ank,0.024,1.151,ank,0.024,1.023,ank,0.024,1.075,ank
0.028,1.107,ank,0.028,1.034,ank,0.028,0.934,ank,0.028,1.045,ank,0.028,1.138,ank,0.028,1.021,ank,0.028,1.076,ank
0.032,1.104,ank,0.032,1.038,ank,0.032,0.931,ank,0.032,1.042,ank,0.032,1.142,ank,0.032,1.023,ank,0.032,1.077,ank
0.036,1.097,ank,0.036,1.032,ank,0.036,0.934,ank,0.036,1.045,ank,0.036,1.131,ank,0.036,1.023,ank,0.036,1.075,ank
0.04,1.109,ank,0.04,1.039,ank,0.04,0.939,ank,0.04,1.043,ank,0.04,1.143,ank,0.04,1.025,ank,0.04,1.073,ank
0.044,1.113,ank,0.044,1.04,ank,0.044,0.935,ank,0.044,1.043,ank,0.044,1.142,ank,0.044,1.024,ank,0.044,1.074,ank
0.048,1.097,ank,0.048,1.03,ank,0.048,0.932,ank,0.048,1.032,ank,0.048,1.139,ank,0.048,1.018,ank,0.048,1.069,ank
0.052,1.103,ank,0.052,1.03,ank,0.052,0.931,ank,0.052,1.032,ank,0.052,1.137,ank,0.052,1.021,ank,0.052,1.076,ank
0.056,1.101,ank,0.056,1.032,ank,0.056,0.93,ank,0.056,1.037,ank,0.056,1.135,ank,0.056,1.018,ank,0.056,1.074,ank
0.06,1.107,ank,0.06,1.037,ank,0.06,0.93,ank,0.06,1.02,ank,0.06,1.135,ank,0.06,1.015,ank,0.06,1.074,ank
0.064,1.103,ank,0.064,1.026,ank,0.064,0.932,ank,0.064,1.033,ank,0.064,1.133,ank,0.064,1.02,ank,0.064,1.064,ank
0.068,1.091,ank,0.068,1.022,ank,0.068,0.929,ank,0.068,1.031,ank,0.068,1.135,ank,0.068,1.018,ank,0.068,1.064,ank
0.072,1.101,ank,0.072,1.029,ank,0.072,0.929,ank,0.072,1.035,ank,0.072,1.135,ank,0.072,1.011,ank,0.072,1.069,ank
0.076,1.096,ank,0.076,1.02,ank,0.076,0.929,ank,0.076,1.033,ank,0.076,1.134,ank,0.076,1.02,ank,0.076,1.07,ank
0.08,1.094,ank,0.08,1.033,ank,0.08,0.934,ank,0.08,1.038,ank,0.08,1.138,ank,0.08,1.018,ank,0.08,1.07,ank
0.084,1.093,ank,0.084,1.033,ank,0.084,0.93,ank,0.084,1.034,ank,0.084,1.135,ank,0.084,1.018,ank,0.084,1.069,ank
0.088,1.09,ank,0.088,1.036,ank,0.088,0.928,ank,0.088,1.03,ank,0.088,1.133,ank,0.088,1.018,ank,0.088,1.071,ank
0.092,1.102,ank,0.092,1.018,ank,0.092,0.93,ank,0.092,1.032,ank,0.092,1.129,ank,0.092,1.012,ank,0.092,1.071,ank
0.096,1.106,ank,0.096,1.023,ank,0.096,0.932,ank,0.096,1.031,ank,0.096,1.132,ank,0.096,1.02,ank,0.096,1.067,ank
0.1,1.153,ank,0.1,1.089,ank,0.1,0.951,ank,0.1,1.064,ank,0.1,1.168,ank,0.1,1.042,ank,0.1,1.108,ank
0.104,1.229,ank,0.104,1.209,ank,0.104,0.993,ank,0.104,1.147,ank,0.104,1.222,ank,0.104,1.1,ank,0.104,1.152,ank
0.108,1.292,ank,0.108,1.304,ank,0.108,1.025,ank,0.108,1.254,ank,0.108,1.26,ank,0.108,1.138,ank,0.108,1.181,ank
0.112,1.353,ank,0.112,1.39,ank,0.112,1.055,ank,0.112,1.324,ank,0.112,1.291,ank,0.112,1.176,ank,0.112,1.21,ank
0.116,1.404,ank,0.116,1.459,ank,0.116,1.072,ank,0.116,1.373,ank,0.116,1.32,ank,0.116,1.192,ank,0.116,1.235,ank
0.12,1.436,ank,0.12,1.512,ank,0.12,1.091,ank,0.12,1.425,ank,0.12,1.335,ank,0.12,1.23,ank,0.12,1.248,ank
0.124,1.483,ank,0.124,1.555,ank,0.124,1.105,ank,0.124,1.48,ank,0.124,1.353,ank,0.124,1.251,ank,0.124,1.261,ank
0.128,1.508,ank,0.128,1.597,ank,0.128,1.118,ank,0.128,1.524,ank,0.128,1.387,ank,0.128,1.27,ank,0.128,1.274,ank
0.132,1.513,ank,0.132,1.619,ank,0.132,1.133,ank,0.132,1.553,ank,0.132,1.389,ank,0.132,1.281,ank,0.132,1.291,ank
0.136,1.536,ank,0.136,1.669,ank,0.136,1.142,ank,0.136,1.592,ank,0.136,1.4,ank,0.136,1.3,ank,0.136,1.302,ank
0.14,1.555,ank,0.14,1.688,ank,0.14,1.147,ank,0.14,1.619,ank,0.14,1.422,ank,0.14,1.305,ank,0.14,1.302,ank
0.144,1.572,ank,0.144,1.704,ank,0.144,1.157,ank,0.144,1.661,ank,0.144,1.423,ank,0.144,1.327,ank,0.144,1.321,ank
0.148,1.585,ank,0.148,1.731,ank,0.148,1.165,ank,0.148,1.68,ank,0.148,1.436,ank,0.148,1.335,ank,0.148,1.329,ank
0.152,1.599,ank,0.152,1.76,ank,0.152,1.173,ank,0.152,1.714,ank,0.152,1.457,ank,0.152,1.339,ank,0.152,1.335,ank
0.156,1.613,ank,0.156,1.761,ank,0.156,1.178,ank,0.156,1.716,ank,0.156,1.456,ank,0.156,1.341,ank,0.156,1.334,ank
0.16,1.622,ank,0.16,1.787,ank,0.16,1.187,ank,0.16,1.774,ank,0.16,1.464,ank,0.16,1.353,ank,0.16,1.346,ank
0.164,1.635,ank,0.164,1.795,ank,0.164,1.189,ank,0.164,1.786,ank,0.164,1.476,ank,0.164,1.365,ank,0.164,1.36,ank
0.168,1.635,ank,0.168,1.814,ank,0.168,1.196,ank,0.168,1.806,ank,0.168,1.473,ank,0.168,1.367,ank,0.168,1.362,ank
0.172,1.653,ank,0.172,1.829,ank,0.172,1.202,ank,0.172,1.823,ank,0.172,1.485,ank,0.172,1.383,ank,0.172,1.363,ank
0.176,1.681,ank,0.176,1.843,ank,0.176,1.208,ank,0.176,1.838,ank,0.176,1.484,ank,0.176,1.368,ank,0.176,1.368,ank
0.18,1.692,ank,0.18,1.847,ank,0.18,1.213,ank,0.18,1.854,ank,0.18,1.495,ank,0.18,1.384,ank,0.18,1.374,ank
0.184,1.69,ank,0.184,1.875,ank,0.184,1.21,ank,0.184,1.886,ank,0.184,1.507,ank,0.184,1.394,ank,0.184,1.374,ank
0.188,1.697,ank,0.188,1.87,ank,0.188,1.223,ank,0.188,1.914,ank,0.188,1.499,ank,0.188,1.399,ank,0.188,1.375,ank
0.192,1.693,ank,0.192,1.875,ank,0.192,1.224,ank,0.192,1.912,ank,0.192,1.506,ank,0.192,1.393,ank,0.192,1.384,ank
0.196,1.709,ank,0.196,1.901,ank,0.196,1.229,ank,0.196,1.913,ank,0.196,1.512,ank,0.196,1.399,ank,0.196,1.382,ank
0.2,1.716,ank,0.2,1.91,ank,0.2,1.231,ank,0.2,1.953,ank,0.2,1.512,ank,0.2,1.397,ank,0.2,1.39,ank
0.204,1.717,ank,0.204,1.932,ank,0.204,1.237,ank,0.204,1.946,ank,0.204,1.524,ank,0.204,1.409,ank,0.204,1.386,ank
0.208,1.724,ank,0.208,1.902,ank,0.208,1.236,ank,0.208,1.959,ank,0.208,1.512,ank,0.208,1.411,ank,0.208,1.391,ank
0.212,1.73,ank,0.212,1.908,ank,0.212,1.239,ank,0.212,1.957,ank,0.212,1.517,ank,0.212,1.415,ank,0.212,1.403,ank
0.216,1.741,ank,0.216,1.935,ank,0.216,1.24,ank,0.216,1.976,ank,0.216,1.519,ank,0.216,1.414,ank,0.216,1.395,ank
0.22,1.741,ank,0.22,1.928,ank,0.22,1.249,ank,0.22,2.013,ank,0.22,1.544,ank,0.22,1.423,ank,0.22,1.398,ank
0.224,1.739,ank,0.224,1.953,ank,0.224,1.246,ank,0.224,1.997,ank,0.224,1.534,ank,0.224,1.42,ank,0.224,1.402,ank
0.228,1.745,ank,0.228,1.953,ank,0.228,1.246,ank,0.228,1.974,ank,0.228,1.529,ank,0.228,1.422,ank,0.228,1.404,ank
0.232,1.77,ank,0.232,1.958,ank,0.232,1.247,ank,0.232,2.01,ank,0.232,1.531,ank,0.232,1.421,ank,0.232,1.406,ank
0.236,1.772,ank,0.236,1.966,ank,0.236,1.252,ank,0.236,2.021,ank,0.236,1.544,ank,0.236,1.436,ank,0.236,1.406,ank
0.24,1.766,ank,0.24,1.981,ank,0.24,1.251,ank,0.24,2.036,ank,0.24,1.534,ank,0.24,1.433,ank,0.24,1.409,ank
0.244,1.761,ank,0.244,1.977,ank,0.244,1.26,ank,0.244,2.043,ank,0.244,1.538,ank,0.244,1.431,ank,0.244,1.403,ank
0.248,1.758,ank,0.248,1.975,ank,0.248,1.259,ank,0.248,2.049,ank,0.248,1.541,ank,0.248,1.43,ank,0.248,1.413,ank
0.252,1.763,ank,0.252,1.969,ank,0.252,1.259,ank,0.252,2.022,ank,0.252,1.538,ank,0.252,1.437,ank,0.252,1.407,ank
0.256,1.786,ank,0.256,1.966,ank,0.256,1.262,ank,0.256,2.049,ank,0.256,1.543,ank,0.256,1.432,ank,0.256,1.408,ank
0.26,1.786,ank,0.26,1.982,ank,0.26,1.262,ank,0.26,2.046,ank,0.26,1.556,ank,0.26,1.437,ank,0.26,1.413,ank
0.264,1.791,ank,0.264,1.985,ank,0.264,1.262,ank,0.264,2.062,ank,0.264,1.546,ank,0.264,1.443,ank,0.264,1.407,ank
0.268,1.793,ank,0.268,1.975,ank,0.268,1.26,ank,0.268,2.063,ank,0.268,1.542,ank,0.268,1.443,ank,0.268,1.416,ank
0.272,1.791,ank,0.272,1.969,ank,0.272,1.26,ank,0.272,2.07,ank,0.272,1.541,ank,0.272,1.443,ank,0.272,1.416,ank
0.276,1.797,ank,0.276,1.972,ank,0.276,1.263,ank,0.276,2.054,ank,0.276,1.545,ank,0.276,1.439,ank,0.276,1.412,ank
0.28,1.79,ank,0.28,2.002,ank,0.28,1.262,ank,0.28,2.052,ank,0.28,1.558,ank,0.28,1.434,ank,0.28,1.416,ank
0.284,1.797,ank,0.284,1.985,ank,0.284,1.263,ank,0.284,2.051,ank,0.284,1.558,ank,0.284,1.45,ank,0.284,1.419,ank
0.288,1.788,ank,0.288,1.973,ank,0.288,1.268,ank,0.288,2.084,ank,0.288,1.549,ank,0.288,1.443,ank,0.288,1.416,ank
0.292,1.806,ank,0.292,1.975,ank,0.292,1.261,ank,0.292,2.074,ank,0.292,1.552,ank,0.292,1.441,ank,0.292,1.422,ank
0.296,1.789,ank,0.296,1.985,ank,0.296,1.268,ank,0.296,2.076,ank,0.296,1.553,ank,0.296,1.449,ank,0.296,1.423,ank
0.3,1.787,ank,0.3,1.97,ank,0.3,1.261,ank,0.3,2.065,ank,0.3,1.559,ank,0.3,1.443,ank,0.3,1.423,ank
0.304,1.791,ank,0.304,1.942,ank,0.304,1.263,ank,0.304,2.056,ank,0.304,1.556,ank,0.304,1.441,ank,0.304,1.424,ank
0.308,1.79,ank,0.308,1.95,ank,0.308,1.26,ank,0.308,2.059,ank,0.308,1.559,ank,0.308,1.451,ank,0.308,1.417,ank
0.312,1.809,ank,0.312,1.968,ank,0.312,1.262,ank,0.312,2.07,ank,0.312,1.56,ank,0.312,1.455,ank,0.312,1.426,ank
0.316,1.798,ank,0.316,1.944,ank,0.316,1.258,ank,0.316,2.074,ank,0.316,1.555,ank,0.316,1.451,ank,0.316,1.421,ank
0.32,1.793,ank,0.32,1.929,ank,0.32,1.261,ank,0.32,2.056,ank,0.32,1.553,ank,0.32,1.452,ank,0.32,1.418,ank
0.324,1.79,ank,0.324,1.94,ank,0.324,1.262,ank,0.324,2.075,ank,0.324,1.543,ank,0.324,1.455,ank,0.324,1.425,ank
0.328,1.781,ank,0.328,1.936,ank,0.328,1.254,ank,0.328,2.053,ank,0.328,1.555,ank,0.328,1.456,ank,0.328,1.42,ank
0.332,1.797,ank,0.332,1.9,ank,0.332,1.257,ank,0.332,2.054,ank,0.332,1.566,ank,0.332,1.449,ank,0.332,1.422,ank
0.336,1.796,ank,0.336,1.902,ank,0.336,1.254,ank,0.336,2.043,ank,0.336,1.562,ank,0.336,1.443,ank,0.336,1.418,ank
0.34,1.798,ank,0.34,1.888,ank,0.34,1.256,ank,0.34,2.046,ank,0.34,1.562,ank,0.34,1.44,ank,0.34,1.421,ank
0.344,1.794,ank,0.344,1.885,ank,0.344,1.255,ank,0.344,2.031,ank,0.344,1.564,ank,0.344,1.439,ank,0.344,1.417,ank
0.348,1.787,ank,0.348,1.868,ank,0.348,1.257,ank,0.348,2.038,ank,0.348,1.556,ank,0.348,1.442,ank,0.348,1.415,ank
0.352,1.787,ank,0.352,1.87,ank,0.352,1.25,ank,0.352,2.014,ank,0.352,1.551,ank,0.352,1.449,ank,0.352,1.425,ank
0.356,1.776,ank,0.356,1.881,ank,0.356,1.251,ank,0.356,2.016,ank,0.356,1.557,ank,0.356,1.442,ank,0.356,1.426,ank
0.36,1.786,ank,0.36,1.839,ank,0.36,1.246,ank,0.36,2.023,ank,0.36,1.55,ank,0.36,1.441,ank,0.36,1.424,ank
0.364,1.777,ank,0.364,1.836,ank,0.364,1.25,ank,0.364,2.026,ank,0.364,1.554,ank,0.364,1.448,ank,0.364,1.42,ank
0.368,1.771,ank,0.368,1.843,ank,0.368,1.236,ank,0.368,1.988,ank,0.368,1.546,ank,0.368,1.445,ank,0.368,1.421,ank
0.372,1.763,ank,0.372,1.816,ank,0.372,1.237,ank,0.372,1.991,ank,0.372,1.545,ank,0.372,1.441,ank,0.372,1.416,ank
0.376,1.775,ank,0.376,1.818,ank,0.376,1.235,ank,0.376,1.984,ank,0.376,1.539,ank,0.376,1.442,ank,0.376,1.414,ank
0.38,1.765,ank,0.38,1.81,ank,0.38,1.236,ank,0.38,1.992,ank,0.38,1.55,ank,0.38,1.43,ank,0.38,1.413,ank
0.384,1.743,ank,0.384,1.793,ank,0.384,1.234,ank,0.384,1.969,ank,0.384,1.548,ank,0.384,1.43,ank,0.384,1.417,ank
0.388,1.753,ank,0.388,1.77,ank,0.388,1.229,ank,0.388,1.966,ank,0.388,1.543,ank,0.388,1.433,ank,0.388,1.411,ank
0.392,1.741,ank,0.392,1.762,ank,0.392,1.229,ank,0.392,1.95,ank,0.392,1.539,ank,0.392,1.436,ank,0.392,1.414,ank
0.396,1.737,ank,0.396,1.759,ank,0.396,1.22,ank,0.396,1.942,ank,0.396,1.546,ank,0.396,1.419,ank,0.396,1.422,ank
0.4,1.74,ank,0.4,1.755,ank,0.4,1.223,ank,0.4,1.918,ank,0.4,1.549,ank,0.4,1.434,ank,0.4,1.413,ank
0.404,1.742,ank,0.404,1.74,ank,0.404,1.221,ank,0.404,1.902,ank,0.404,1.54,ank,0.404,1.43,ank,0.404,1.404,ank
0.408,1.722,ank,0.408,1.719,ank,0.408,1.214,ank,0.408,1.91,ank,0.408,1.536,ank,0.408,1.429,ank,0.408,1.408,ank
0.412,1.719,ank,0.412,1.732,ank,0.412,1.214,ank,0.412,1.879,ank,0.412,1.522,ank,0.412,1.418,ank,0.412,1.407,ank
0.416,1.705,ank,0.416,1.692,ank,0.416,1.212,ank,0.416,1.868,ank,0.416,1.53,ank,0.416,1.427,ank,0.416,1.409,ank
0.42,1.713,ank,0.42,1.678,ank,0.42,1.208,ank,0.42,1.887,ank,0.42,1.534,ank,0.42,1.428,ank,0.42,1.404,ank
0.424,1.703,ank,0.424,1.678,ank,0.424,1.203,ank,0.424,1.846,ank,0.424,1.529,ank,0.424,1.416,ank,0.424,1.403,ank
0.428,1.69,ank,0.428,1.664,ank,0.428,1.204,ank,0.428,1.845,ank,0.428,1.529,ank,0.428,1.418,ank,0.428,1.407,ank
0.432,1.7,ank,0.432,1.655,ank,0.432,1.2,ank,0.432,1.848,ank,0.432,1.524,ank,0.432,1.41,ank,0.432,1.395,ank
0.436,1.679,ank,0.436,1.648,ank,0.436,1.195,ank,0.436,1.826,ank,0.436,1.51,ank,0.436,1.408,ank,0.436,1.398,ank
0.44,1.659,ank,0.44,1.642,ank,0.44,1.189,ank,0.44,1.81,ank,0.44,1.52,ank,0.44,1.409,ank,0.44,1.395,ank
0.444,1.678,ank,0.444,1.621,ank,0.444,1.181,ank,0.444,1.801,ank,0.444,1.507,ank,0.444,1.398,ank,0.444,1.391,ank
0.448,1.669,ank,0.448,1.612,ank,0.448,1.183,ank,0.448,1.785,ank,0.448,1.506,ank,0.448,1.394,ank,0.448,1.387,ank
0.452,1.652,ank,0.452,1.598,ank,0.452,1.178,ank,0.452,1.781,ank,0.452,1.497,ank,0.452,1.4,ank,0.452,1.387,ank
0.456,1.648,ank,0.456,1.588,ank,0.456,1.177,ank,0.456,1.745,ank,0.456,1.501,ank,0.456,1.397,ank,0.456,1.39,ank
0.46,1.644,ank,0.46,1.585,ank,0.46,1.171,ank,0.46,1.759,ank,0.46,1.496,ank,0.46,1.399,ank,0.46,1.378,ank
0.464,1.639,ank,0.464,1.583,ank,0.464,1.169,ank,0.464,1.738,ank,0.464,1.499,ank,0.464,1.385,ank,0.464,1.388,ank
0.468,1.622,ank,0.468,1.561,ank,0.468,1.17,ank,0.468,1.71,ank,0.468,1.491,ank,0.468,1.373,ank,0.468,1.376,ank
0.472,1.624,ank,0.472,1.549,ank,0.472,1.164,ank,0.472,1.705,ank,0.472,1.484,ank,0.472,1.379,ank,0.472,1.37,ank
0.476,1.609,ank,0.476,1.542,ank,0.476,1.16,ank,0.476,1.675,ank,0.476,1.48,ank,0.476,1.377,ank,0.476,1.377,ank
0.48,1.602,ank,0.48,1.545,ank,0.48,1.155,ank,0.48,1.684,ank,0.48,1.474,ank,0.48,1.375,ank,0.48,1.371,ank
0.484,1.586,ank,0.484,1.522,ank,0.484,1.149,ank,0.484,1.672,ank,0.484,1.473,ank,0.484,1.359,ank,0.484,1.366,ank
0.488,1.589,ank,0.488,1.502,ank,0.488,1.151,ank,0.488,1.652,ank,0.488,1.473,ank,0.488,1.359,ank,0.488,1.363,ank
0.492,1.578,ank,0.492,1.492,ank,0.492,1.143,ank,0.492,1.653,ank,0.492,1.469,ank,0.492,1.357,ank,0.492,1.365,ank
0.496,1.574,ank,0.496,1.485,ank,0.496,1.142,ank,0.496,1.649,ank,0.496,1.458,ank,0.496,1.354,ank,0.496,1.36,ank
0.5,1.565,ank,0.5,1.474,ank,0.5,1.133,ank,0.5,1.619,ank,0.5,1.443,ank,0.5,1.358,ank,0.5,1.361,ank
0.504,1.569,ank,0.504,1.463,ank,0.504,1.135,ank,0.504,1.618,ank,0.504,1.452,ank,0.504,1.347,ank,0.504,1.354,ank
0.508,1.553,ank,0.508,1.456,ank,0.508,1.127,ank,0.508,1.605,ank,0.508,1.45,ank,0.508,1.338,ank,0.508,1.347,ank
0.512,1.544,ank,0.512,1.445,ank,0.512,1.13,ank,0.512,1.593,ank,0.512,1.439,ank,0.512,1.338,ank,0.512,1.345,ank
0.516,1.533,ank,0.516,1.43,ank,0.516,1.129,ank,0.516,1.582,ank,0.516,1.438,ank,0.516,1.335,ank,0.516,1.341,ank
0.52,1.524,ank,0.52,1.429,ank,0.52,1.123,ank,0.52,1.575,ank,0.52,1.433,ank,0.52,1.333,ank,0.52,1.339,ank
0.524,1.529,ank,0.524,1.419,ank,0.524,1.115,ank,0.524,1.554,ank,0.524,1.432,ank,0.524,1.318,ank,0.524,1.338,ank
0.528,1.513,ank,0.528,1.419,ank,0.528,1.112,ank,0.528,1.546,ank,0.528,1.43,ank,0.528,1.32,ank,0.528,1.335,ank
0.532,1.508,ank,0.532,1.408,ank,0.532,1.11,ank,0.532,1.535,ank,0.532,1.429,ank,0.532,1.309,ank,0.532,1.327,ank
0.536,1.499,ank,0.536,1.386,ank,0.536,1.106,ank,0.536,1.512,ank,0.536,1.421,ank,0.536,1.311,ank,0.536,1.319,ank
0.54,1.508,ank,0.54,1.382,ank,0.54,1.105,ank,0.54,1.519,ank,0.54,1.415,ank,0.54,1.307,ank,0.54,1.321,ank
0.544,1.494,ank,0.544,1.393,ank,0.544,1.101,ank,0.544,1.502,ank,0.544,1.403,ank,0.544,1.299,ank,0.544,1.321,ank
0.548,1.487,ank,0.548,1.387,ank,0.548,1.097,ank,0.548,1.492,ank,0.548,1.409,ank,0.548,1.3,ank,0.548,1.313,ank
0.552,1.48,ank,0.552,1.364,ank,0.552,1.093,ank,0.552,1.484,ank,0.552,1.404,ank,0.552,1.285,ank,0.552,1.317,ank
0.556,1.475,ank,0.556,1.35,ank,0.556,1.095,ank,0.556,1.48,ank,0.556,1.399,ank,0.556,1.283,ank,0.556,1.302,ank
0.56,1.471,ank,0.56,1.368,ank,0.56,1.093,ank,0.56,1.466,ank,0.56,1.392,ank,0.56,1.276,ank,0.56,1.304,ank
0.564,1.454,ank,0.564,1.347,ank,0.564,1.088,ank,0.564,1.454,ank,0.564,1.394,ank,0.564,1.27,ank,0.564,1.301,ank
0.568,1.458,ank,0.568,1.327,ank,0.568,1.081,ank,0.568,1.442,ank,0.568,1.39,ank,0.568,1.275,ank,0.568,1.291,ank
0.572,1.452,ank,0.572,1.326,ank,0.572,1.078,ank,0.572,1.442,ank,0.572,1.379,ank,0.572,1.273,ank,0.572,1.284,ank
0.576,1.44,ank,0.576,1.321,ank,0.576,1.079,ank,0.576,1.424,ank,0.576,1.375,ank,0.576,1.257,ank,0.576,1.288,ank
0.58,1.438,ank,0.58,1.322,ank,0.58,1.074,ank,0.58,1.425,ank,0.58,1.365,ank,0.58,1.255,ank,0.58,1.284,ank
0.584,1.429,ank,0.584,1.316,ank,0.584,1.073,ank,0.584,1.408,ank,0.584,1.367,ank,0.584,1.251,ank,0.584,1.283,ank
0.588,1.415,ank,0.588,1.304,ank,0.588,1.072,ank,0.588,1.397,ank,0.588,1.361,ank,0.588,1.256,ank,0.588,1.276,ank
0.592,1.408,ank,0.592,1.287,ank,0.592,1.065,ank,0.592,1.393,ank,0.592,1.365,ank,0.592,1.241,ank,0.592,1.274,ank
0.596,1.419,ank,0.596,1.296,ank,0.596,1.064,ank,0.596,1.39,ank,0.596,1.352,ank,0.596,1.244,ank,0.596,1.274,ank
0.6,1.405,ank,0.6,1.293,ank,0.6,1.06,ank,0.6,1.369,ank,0.6,1.343,ank,0.6,1.228,ank,0.6,1.255,ank
0.604,1.399,ank,0.604,1.279,ank,0.604,1.058,ank,0.604,1.38,ank,0.604,1.346,ank,0.604,1.23,ank,0.604,1.252,ank
0.608,1.391,ank,0.608,1.273,ank,0.608,1.055,ank,0.608,1.365,ank,0.608,1.337,ank,0.608,1.229,ank,0.608,1.255,ank
0.612,1.383,ank,0.612,1.279,ank,0.612,1.056,ank,0.612,1.345,ank,0.612,1.337,ank,0.612,1.223,ank,0.612,1.256,ank
0.616,1.385,ank,0.616,1.264,ank,0.616,1.052,ank,0.616,1.349,ank,0.616,1.328,ank,0.616,1.222,ank,0.616,1.252,ank
0.62,1.383,ank,0.62,1.262,ank,0.62,1.047,ank,0.62,1.341,ank,0.62,1.326,ank,0.62,1.221,ank,0.62,1.243,ank
0.624,1.381,ank,0.624,1.25,ank,0.624,1.048,ank,0.624,1.327,ank,0.624,1.337,ank,0.624,1.213,ank,0.624,1.246,ank
0.628,1.354,ank,0.628,1.253,ank,0.628,1.039,ank,0.628,1.34,ank,0.628,1.325,ank,0.628,1.206,ank,0.628,1.242,ank
0.632,1.357,ank,0.632,1.243,ank,0.632,1.042,ank,0.632,1.326,ank,0.632,1.312,ank,0.632,1.205,ank,0.632,1.241,ank
0.636,1.362,ank,0.636,1.248,ank,0.636,1.041,ank,0.636,1.316,ank,0.636,1.319,ank,0.636,1.19,ank,0.636,1.236,ank
0.64,1.349,ank,0.64,1.241,ank,0.64,1.041,ank,0.64,1.319,ank,0.64,1.304,ank,0.64,1.191,ank,0.64,1.23,ank
0.644,1.338,ank,0.644,1.227,ank,0.644,1.037,ank,0.644,1.311,ank,0.644,1.304,ank,0.644,1.194,ank,0.644,1.233,ank
0.648,1.337,ank,0.648,1.236,ank,0.648,1.031,ank,0.648,1.297,ank,0.648,1.299,ank,0.648,1.19,ank,0.648,1.22,ank
0.652,1.33,ank,0.652,1.231,ank,0.652,1.034,ank,0.652,1.3,ank,0.652,1.303,ank,0.652,1.181,ank,0.652,1.222,ank
0.656,1.335,ank,0.656,1.21,ank,0.656,1.03,ank,0.656,1.285,ank,0.656,1.303,ank,0.656,1.181,ank,0.656,1.218,ank
0.66,1.323,ank,0.66,1.215,ank,0.66,1.028,ank,0.66,1.273,ank,0.66,1.289,ank,0.66,1.181,ank,0.66,1.218,ank
0.664,1.324,ank,0.664,1.214,ank,0.664,1.022,ank,0.664,1.281,ank,0.664,1.282,ank,0.664,1.179,ank,0.664,1.206,ank
0.668,1.309,ank,0.668,1.208,ank,0.668,1.022,ank,0.668,1.262,ank,0.668,1.287,ank,0.668,1.178,ank,0.668,1.213,ank
0.672,1.307,ank,0.672,1.21,ank,0.672,1.022,ank,0.672,1.268,ank,0.672,1.277,ank,0.672,1.17,ank,0.672,1.208,ank
0.676,1.308,ank,0.676,1.204,ank,0.676,1.02,ank,0.676,1.258,ank,0.676,1.279,ank,0.676,1.166,ank,0.676,1.203,ank
0.68,1.307,ank,0.68,1.206,ank,0.68,1.016,ank,0.68,1.256,ank,0.68,1.277,ank,0.68,1.153,ank,0.68,1.203,ank
0.684,1.287,ank,0.684,1.198,ank,0.684,1.017,ank,0.684,1.253,ank,0.684,1.273,ank,0.684,1.158,ank,0.684,1.2,ank
0.688,1.293,ank,0.688,1.19,ank,0.688,1.012,ank,0.688,1.245,ank,0.688,1.274,ank,0.688,1.168,ank,0.688,1.196,ank
0.692,1.285,ank,0.692,1.19,ank,0.692,1.012,ank,0.692,1.244,ank,0.692,1.269,ank,0.692,1.147,ank,0.692,1.192,ank
0.696,1.291,ank,0.696,1.173,ank,0.696,1.009,ank,0.696,1.24,ank,0.696,1.266,ank,0.696,1.158,ank,0.696,1.189,ank
0.7,1.284,ank,0.7,1.178,ank,0.7,1.008,ank,0.7,1.226,ank,0.7,1.264,ank,0.7,1.153,ank,0.7,1.195,ank
0.704,1.275,ank,0.704,1.17,ank,0.704,1.006,ank,0.704,1.223,ank,0.704,1.258,ank,0.704,1.14,ank,0.704,1.188,ank
0.708,1.267,ank,0.708,1.175,ank,0.708,1.007,ank,0.708,1.219,ank,0.708,1.258,ank,0.708,1.139,ank,0.708,1.185,ank
0.712,1.27,ank,0.712,1.167,ank,0.712,1.004,ank,0.712,1.217,ank,0.712,1.254,ank,0.712,1.14,ank,0.712,1.185,ank
0.716,1.272,ank,0.716,1.163,ank,0.716,1.004,ank,0.716,1.216,ank,0.716,1.255,ank,0.716,1.142,ank,0.716,1.177,ank
0.72,1.26,ank,0.72,1.164,ank,0.72,1,ank,0.72,1.21,ank,0.72,1.245,ank,0.72,1.128,ank,0.72,1.182,ank
0.724,1.265,ank,0.724,1.155,ank,0.724,0.995,ank,0.724,1.193,ank,0.724,1.239,ank,0.724,1.127,ank,0.724,1.17,ank
0.728,1.256,ank,0.728,1.156,ank,0.728,0.995,ank,0.728,1.203,ank,0.728,1.246,ank,0.728,1.138,ank,0.728,1.173,ank
0.732,1.264,ank,0.732,1.152,ank,0.732,0.994,ank,0.732,1.198,ank,0.732,1.235,ank,0.732,1.128,ank,0.732,1.174,ank
0.736,1.252,ank,0.736,1.148,ank,0.736,0.993,ank,0.736,1.188,ank,0.736,1.236,ank,0.736,1.117,ank,0.736,1.162,ank
0.74,1.25,ank,0.74,1.143,ank,0.74,0.996,ank,0.74,1.182,ank,0.74,1.24,ank,0.74,1.126,ank,0.74,1.159,ank
0.744,1.237,ank,0.744,1.149,ank,0.744,0.994,ank,0.744,1.188,ank,0.744,1.241,ank,0.744,1.123,ank,0.744,1.16,ank
0.748,1.236,ank,0.748,1.143,ank,0.748,0.989,ank,0.748,1.192,ank,0.748,1.237,ank,0.748,1.119,ank,0.748,1.161,ank
0.752,1.227,ank,0.752,1.14,ank,0.752,0.987,ank,0.752,1.175,ank,0.752,1.23,ank,0.752,1.119,ank,0.752,1.153,ank
0.756,1.222,ank,0.756,1.137,ank,0.756,0.984,ank,0.756,1.168,ank,0.756,1.218,ank,0.756,1.111,ank,0.756,1.155,ank
0.76,1.232,ank,0.76,1.136,ank,0.76,0.987,ank,0.76,1.165,ank,0.76,1.229,ank,0.76,1.108,ank,0.76,1.155,ank
0.764,1.221,ank,0.764,1.133,ank,0.764,0.986,ank,0.764,1.164,ank,0.764,1.226,ank,0.764,1.106,ank,0.764,1.148,ank
0.768,1.226,ank,0.768,1.129,ank,0.768,0.982,ank,0.768,1.168,ank,0.768,1.225,ank,0.768,1.098,ank,0.768,1.155,ank
0.772,1.217,ank,0.772,1.124,ank,0.772,0.984,ank,0.772,1.166,ank,0.772,1.217,ank,0.772,1.103,ank,0.772,1.149,ank
0.776,1.222,ank,0.776,1.125,ank,0.776,0.983,ank,0.776,1.158,ank,0.776,1.227,ank,0.776,1.097,ank,0.776,1.142,ank
0.78,1.214,ank,0.78,1.121,ank,0.78,0.977,ank,0.78,1.156,ank,0.78,1.214,ank,0.78,1.109,ank,0.78,1.143,ank
0.784,1.212,ank,0.784,1.122,ank,0.784,0.978,ank,0.784,1.148,ank,0.784,1.209,ank,0.784,1.098,ank,0.784,1.145,ank
0.788,1.214,ank,0.788,1.116,ank,0.788,0.981,ank,0.788,1.152,ank,0.788,1.21,ank,0.788,1.096,ank,0.788,1.142,ank
0.792,1.214,ank,0.792,1.111,ank,0.792,0.975,ank,0.792,1.146,ank,0.792,1.206,ank,0.792,1.095,ank,0.792,1.142,ank
0.796,1.205,ank,0.796,1.115,ank,0.796,0.975,ank,0.796,1.139,ank,0.796,1.208,ank,0.796,1.097,ank,0.796,1.133,ank
0.8,1.196,ank,0.8,1.115,ank,0.8,0.977,ank,0.8,1.138,ank,0.8,1.198,ank,0.8,1.083,ank,0.8,1.132,ank
0.804,1.198,ank,0.804,1.104,ank,0.804,0.975,ank,0.804,1.129,ank,0.804,1.2,ank,0.804,1.086,ank,0.804,1.128,ank
0.808,1.204,ank,0.808,1.113,ank,0.808,0.973,ank,0.808,1.133,ank,0.808,1.197,ank,0.808,1.089,ank,0.808,1.127,ank
0.812,1.193,ank,0.812,1.103,ank,0.812,0.972,ank,0.812,1.129,ank,0.812,1.204,ank,0.812,1.079,ank,0.812,1.126,ank
0.816,1.193,ank,0.816,1.107,ank,0.816,0.969,ank,0.816,1.125,ank,0.816,1.194,ank,0.816,1.083,ank,0.816,1.127,ank
0.82,1.189,ank,0.82,1.099,ank,0.82,0.964,ank,0.82,1.127,ank,0.82,1.192,ank,0.82,1.079,ank,0.82,1.129,ank
0.824,1.18,ank,0.824,1.091,ank,0.824,0.967,ank,0.824,1.132,ank,0.824,1.203,ank,0.824,1.078,ank,0.824,1.129,ank
0.828,1.182,ank,0.828,1.099,ank,0.828,0.97,ank,0.828,1.116,ank,0.828,1.188,ank,0.828,1.084,ank,0.828,1.128,ank
0.832,1.178,ank,0.832,1.101,ank,0.832,0.964,ank,0.832,1.121,ank,0.832,1.19,ank,0.832,1.074,ank,0.832,1.124,ank
0.836,1.177,ank,0.836,1.09,ank,0.836,0.963,ank,0.836,1.116,ank,0.836,1.179,ank,0.836,1.072,ank,0.836,1.121,ank
0.84,1.179,ank,0.84,1.088,ank,0.84,0.961,ank,0.84,1.101,ank,0.84,1.179,ank,0.84,1.075,ank,0.84,1.114,ank
0.844,1.174,ank,0.844,1.091,ank,0.844,0.959,ank,0.844,1.113,ank,0.844,1.175,ank,0.844,1.071,ank,0.844,1.119,ank
0.848,1.188,ank,0.848,1.085,ank,0.848,0.962,ank,0.848,1.108,ank,0.848,1.185,ank,0.848,1.06,ank,0.848,1.114,ank
0.852,1.179,ank,0.852,1.085,ank,0.852,0.96,ank,0.852,1.114,ank,0.852,1.182,ank,0.852,1.067,ank,0.852,1.113,ank
0.856,1.164,ank,0.856,1.079,ank,0.856,0.957,ank,0.856,1.107,ank,0.856,1.185,ank,0.856,1.069,ank,0.856,1.112,ank
0.86,1.165,ank,0.86,1.084,ank,0.86,0.96,ank,0.86,1.093,ank,0.86,1.178,ank,0.86,1.067,ank,0.86,1.11,ank
0.864,1.165,ank,0.864,1.075,ank,0.864,0.956,ank,0.864,1.092,ank,0.864,1.167,ank,0.864,1.056,ank,0.864,1.112,ank
0.868,1.151,ank,0.868,1.081,ank,0.868,0.952,ank,0.868,1.093,ank,0.868,1.174,ank,0.868,1.057,ank,0.868,1.103,ank
0.872,1.163,ank,0.872,1.071,ank,0.872,0.955,ank,0.872,1.09,ank,0.872,1.182,ank,0.872,1.056,ank,0.872,1.109,ank
0.876,1.162,ank,0.876,1.067,ank,0.876,0.957,ank,0.876,1.1,ank,0.876,1.18,ank,0.876,1.059,ank,0.876,1.109,ank
0.88,1.151,ank,0.88,1.072,ank,0.88,0.953,ank,0.88,1.095,ank,0.88,1.176,ank,0.88,1.059,ank,0.88,1.106,ank
0.884,1.155,ank,0.884,1.073,ank,0.884,0.953,ank,0.884,1.091,ank,0.884,1.165,ank,0.884,1.055,ank,0.884,1.103,ank
0.888,1.154,ank,0.888,1.068,ank,0.888,0.951,ank,0.888,1.089,ank,0.888,1.164,ank,0.888,1.047,ank,0.888,1.1,ank
0.892,1.145,ank,0.892,1.062,ank,0.892,0.953,ank,0.892,1.083,ank,0.892,1.171,ank,0.892,1.048,ank,0.892,1.097,ank
0.896,1.148,ank,0.896,1.068,ank,0.896,0.947,ank,0.896,1.079,ank,0.896,1.17,ank,0.896,1.052,ank,0.896,1.1,ank
0.9,1.14,ank,0.9,1.067,ank,0.9,0.949,ank,0.9,1.087,ank,0.9,1.17,ank,0.9,1.047,ank,0.9,1.096,ank
0.904,1.145,ank,0.904,1.068,ank,0.904,0.948,ank,0.904,1.081,ank,0.904,1.163,ank,0.904,1.051,ank,0.904,1.098,ank
0.908,1.14,ank,0.908,1.069,ank,0.908,0.947,ank,0.908,1.072,ank,0.908,1.155,ank,0.908,1.041,ank,0.908,1.102,ank
0.912,1.142,ank,0.912,1.064,ank,0.912,0.948,ank,0.912,1.08,ank,0.912,1.16,ank,0.912,1.041,ank,0.912,1.098,ank
0.916,1.133,ank,0.916,1.054,ank,0.916,0.944,ank,0.916,1.069,ank,0.916,1.154,ank,0.916,1.046,ank,0.916,1.096,ank
0.92,1.135,ank,0.92,1.055,ank,0.92,0.943,ank,0.92,1.067,ank,0.92,1.155,ank,0.92,1.042,ank,0.92,1.089,ank
0.924,1.135,ank,0.924,1.058,ank,0.924,0.945,ank,0.924,1.07,ank,0.924,1.153,ank,0.924,1.04,ank,0.924,1.091,ank
0.928,1.137,ank,0.928,1.055,ank,0.928,0.942,ank,0.928,1.069,ank,0.928,1.157,ank,0.928,1.047,ank,0.928,1.093,ank
0.932,1.132,ank,0.932,1.06,ank,0.932,0.945,ank,0.932,1.068,ank,0.932,1.155,ank,0.932,1.039,ank,0.932,1.087,ank
0.936,1.128,ank,0.936,1.05,ank,0.936,0.942,ank,0.936,1.06,ank,0.936,1.149,ank,0.936,1.039,ank,0.936,1.088,ank
0.94,1.118,ank,0.94,1.054,ank,0.94,0.94,ank,0.94,1.068,ank,0.94,1.154,ank,0.94,1.038,ank,0.94,1.091,ank
0.944,1.116,ank,0.944,1.049,ank,0.944,0.942,ank,0.944,1.065,ank,0.944,1.152,ank,0.944,1.039,ank,0.944,1.092,ank
0.948,1.12,ank,0.948,1.05,ank,0.948,0.942,ank,0.948,1.054,ank,0.948,1.146,ank,0.948,1.033,ank,0.948,1.089,ank
