Time,Group,Fura_ID,Intracellular_Calcium
0.0,ctrl,Fura_1,0.912
0.004,ctrl,Fura_1,0.918
0.008,ctrl,Fura_1,0.911
0.012,ctrl,Fura_1,0.906
0.016,ctrl,Fura_1,0.913
0.02,ctrl,Fura_1,0.912
0.024,ctrl,Fura_1,0.909
0.028,ctrl,Fura_1,0.906
0.032,ctrl,Fura_1,0.907
0.036,ctrl,Fura_1,0.905
0.04,ctrl,Fura_1,0.901
0.044,ctrl,Fura_1,0.903
0.048,ctrl,Fura_1,0.9
0.052,ctrl,Fura_1,0.894
0.056,ctrl,Fura_1,0.907
0.06,ctrl,Fura_1,0.896
0.064,ctrl,Fura_1,0.902
0.068,ctrl,Fura_1,0.894
0.072,ctrl,Fura_1,0.895
0.076,ctrl,Fura_1,0.898
0.08,ctrl,Fura_1,0.897
0.084,ctrl,Fura_1,0.893
0.088,ctrl,Fura_1,0.889
0.092,ctrl,Fura_1,0.892
0.096,ctrl,Fura_1,0.903
0.1,ctrl,Fura_1,0.907
0.104,ctrl,Fura_1,0.927
0.108,ctrl,Fura_1,0.956
0.112,ctrl,Fura_1,0.984
0.116,ctrl,Fura_1,1.022
0.12,ctrl,Fura_1,1.03
0.124,ctrl,Fura_1,1.057
0.128,ctrl,Fura_1,1.064
0.132,ctrl,Fura_1,1.08
0.136,ctrl,Fura_1,1.098
0.14,ctrl,Fura_1,1.113
0.144,ctrl,Fura_1,1.124
0.148,ctrl,Fura_1,1.132
0.152,ctrl,Fura_1,1.143
0.156,ctrl,Fura_1,1.163
0.16,ctrl,Fura_1,1.165
0.164,ctrl,Fura_1,1.178
0.168,ctrl,Fura_1,1.19
0.172,ctrl,Fura_1,1.195
0.176,ctrl,Fura_1,1.208
0.18,ctrl,Fura_1,1.214
0.184,ctrl,Fura_1,1.219
0.188,ctrl,Fura_1,1.222
0.192,ctrl,Fura_1,1.234
0.196,ctrl,Fura_1,1.235
0.2,ctrl,Fura_1,1.243
0.204,ctrl,Fura_1,1.253
0.208,ctrl,Fura_1,1.258
0.212,ctrl,Fura_1,1.262
0.216,ctrl,Fura_1,1.277
0.22,ctrl,Fura_1,1.284
0.224,ctrl,Fura_1,1.282
0.228,ctrl,Fura_1,1.289
0.232,ctrl,Fura_1,1.294
0.236,ctrl,Fura_1,1.301
0.24,ctrl,Fura_1,1.306
0.244,ctrl,Fura_1,1.313
0.248,ctrl,Fura_1,1.305
0.252,ctrl,Fura_1,1.311
0.256,ctrl,Fura_1,1.323
0.26,ctrl,Fura_1,1.322
0.264,ctrl,Fura_1,1.343
0.268,ctrl,Fura_1,1.33
0.272,ctrl,Fura_1,1.335
0.276,ctrl,Fura_1,1.335
0.28,ctrl,Fura_1,1.343
0.284,ctrl,Fura_1,1.338
0.288,ctrl,Fura_1,1.344
0.292,ctrl,Fura_1,1.347
0.296,ctrl,Fura_1,1.341
0.3,ctrl,Fura_1,1.349
0.304,ctrl,Fura_1,1.351
0.308,ctrl,Fura_1,1.367
0.312,ctrl,Fura_1,1.362
0.316,ctrl,Fura_1,1.367
0.32,ctrl,Fura_1,1.371
0.324,ctrl,Fura_1,1.35
0.328,ctrl,Fura_1,1.359
0.332,ctrl,Fura_1,1.361
0.336,ctrl,Fura_1,1.37
0.34,ctrl,Fura_1,1.355
0.344,ctrl,Fura_1,1.363
0.348,ctrl,Fura_1,1.362
0.352,ctrl,Fura_1,1.355
0.356,ctrl,Fura_1,1.364
0.36,ctrl,Fura_1,1.361
0.364,ctrl,Fura_1,1.355
0.368,ctrl,Fura_1,1.358
0.372,ctrl,Fura_1,1.346
0.376,ctrl,Fura_1,1.352
0.38,ctrl,Fura_1,1.348
0.384,ctrl,Fura_1,1.349
0.388,ctrl,Fura_1,1.351
0.392,ctrl,Fura_1,1.345
0.396,ctrl,Fura_1,1.343
0.4,ctrl,Fura_1,1.341
0.404,ctrl,Fura_1,1.338
0.408,ctrl,Fura_1,1.333
0.412,ctrl,Fura_1,1.336
0.416,ctrl,Fura_1,1.335
0.42,ctrl,Fura_1,1.332
0.424,ctrl,Fura_1,1.32
0.428,ctrl,Fura_1,1.317
0.432,ctrl,Fura_1,1.319
0.436,ctrl,Fura_1,1.321
0.44,ctrl,Fura_1,1.313
0.444,ctrl,Fura_1,1.315
0.448,ctrl,Fura_1,1.3
0.452,ctrl,Fura_1,1.31
0.456,ctrl,Fura_1,1.308
0.46,ctrl,Fura_1,1.294
0.464,ctrl,Fura_1,1.291
0.468,ctrl,Fura_1,1.292
0.472,ctrl,Fura_1,1.29
0.476,ctrl,Fura_1,1.287
0.48,ctrl,Fura_1,1.281
0.484,ctrl,Fura_1,1.276
0.488,ctrl,Fura_1,1.272
0.492,ctrl,Fura_1,1.264
0.496,ctrl,Fura_1,1.271
0.5,ctrl,Fura_1,1.265
0.504,ctrl,Fura_1,1.251
0.508,ctrl,Fura_1,1.245
0.512,ctrl,Fura_1,1.249
0.516,ctrl,Fura_1,1.247
0.52,ctrl,Fura_1,1.238
0.524,ctrl,Fura_1,1.237
0.528,ctrl,Fura_1,1.23
0.532,ctrl,Fura_1,1.224
0.536,ctrl,Fura_1,1.216
0.54,ctrl,Fura_1,1.224
0.544,ctrl,Fura_1,1.216
0.548,ctrl,Fura_1,1.207
0.552,ctrl,Fura_1,1.208
0.556,ctrl,Fura_1,1.2
0.56,ctrl,Fura_1,1.193
0.564,ctrl,Fura_1,1.195
0.568,ctrl,Fura_1,1.192
0.572,ctrl,Fura_1,1.188
0.576,ctrl,Fura_1,1.183
0.58,ctrl,Fura_1,1.176
0.584,ctrl,Fura_1,1.174
0.588,ctrl,Fura_1,1.173
0.592,ctrl,Fura_1,1.166
0.596,ctrl,Fura_1,1.166
0.6,ctrl,Fura_1,1.164
0.604,ctrl,Fura_1,1.149
0.608,ctrl,Fura_1,1.146
0.612,ctrl,Fura_1,1.147
0.616,ctrl,Fura_1,1.145
0.62,ctrl,Fura_1,1.132
0.624,ctrl,Fura_1,1.14
0.628,ctrl,Fura_1,1.134
0.632,ctrl,Fura_1,1.131
0.636,ctrl,Fura_1,1.116
0.64,ctrl,Fura_1,1.118
0.644,ctrl,Fura_1,1.105
0.648,ctrl,Fura_1,1.108
0.652,ctrl,Fura_1,1.102
0.656,ctrl,Fura_1,1.103
0.66,ctrl,Fura_1,1.104
0.664,ctrl,Fura_1,1.095
0.668,ctrl,Fura_1,1.089
0.672,ctrl,Fura_1,1.09
0.676,ctrl,Fura_1,1.093
0.68,ctrl,Fura_1,1.082
0.684,ctrl,Fura_1,1.081
0.688,ctrl,Fura_1,1.077
0.692,ctrl,Fura_1,1.077
0.696,ctrl,Fura_1,1.075
0.7,ctrl,Fura_1,1.069
0.704,ctrl,Fura_1,1.06
0.708,ctrl,Fura_1,1.066
0.712,ctrl,Fura_1,1.062
0.716,ctrl,Fura_1,1.053
0.72,ctrl,Fura_1,1.049
0.724,ctrl,Fura_1,1.05
0.728,ctrl,Fura_1,1.038
0.732,ctrl,Fura_1,1.039
0.736,ctrl,Fura_1,1.042
0.74,ctrl,Fura_1,1.035
0.744,ctrl,Fura_1,1.037
0.748,ctrl,Fura_1,1.034
0.752,ctrl,Fura_1,1.028
0.756,ctrl,Fura_1,1.031
0.76,ctrl,Fura_1,1.026
0.764,ctrl,Fura_1,1.017
0.768,ctrl,Fura_1,1.015
0.772,ctrl,Fura_1,1.014
0.776,ctrl,Fura_1,1.016
0.78,ctrl,Fura_1,1.01
0.784,ctrl,Fura_1,1.006
0.788,ctrl,Fura_1,1.001
0.792,ctrl,Fura_1,1.001
0.796,ctrl,Fura_1,1.002
0.8,ctrl,Fura_1,1.001
0.804,ctrl,Fura_1,0.997
0.808,ctrl,Fura_1,0.991
0.812,ctrl,Fura_1,0.988
0.816,ctrl,Fura_1,0.982
0.82,ctrl,Fura_1,0.989
0.824,ctrl,Fura_1,0.98
0.828,ctrl,Fura_1,0.979
0.832,ctrl,Fura_1,0.981
0.836,ctrl,Fura_1,0.982
0.84,ctrl,Fura_1,0.977
0.844,ctrl,Fura_1,0.972
0.848,ctrl,Fura_1,0.974
0.852,ctrl,Fura_1,0.971
0.856,ctrl,Fura_1,0.965
0.86,ctrl,Fura_1,0.961
0.864,ctrl,Fura_1,0.963
0.868,ctrl,Fura_1,0.962
0.872,ctrl,Fura_1,0.958
0.876,ctrl,Fura_1,0.955
0.88,ctrl,Fura_1,0.958
0.884,ctrl,Fura_1,0.956
0.888,ctrl,Fura_1,0.952
0.892,ctrl,Fura_1,0.947
0.896,ctrl,Fura_1,0.95
0.9,ctrl,Fura_1,0.949
0.904,ctrl,Fura_1,0.953
0.908,ctrl,Fura_1,0.945
0.912,ctrl,Fura_1,0.939
0.916,ctrl,Fura_1,0.943
0.92,ctrl,Fura_1,0.942
0.924,ctrl,Fura_1,0.935
0.928,ctrl,Fura_1,0.936
0.932,ctrl,Fura_1,0.937
0.936,ctrl,Fura_1,0.934
0.94,ctrl,Fura_1,0.935
0.944,ctrl,Fura_1,0.929
0.948,ctrl,Fura_1,0.93
0.0,ctrl,Fura_2,0.808
0.004,ctrl,Fura_2,0.806
0.008,ctrl,Fura_2,0.807
0.012,ctrl,Fura_2,0.81
0.016,ctrl,Fura_2,0.809
0.02,ctrl,Fura_2,0.808
0.024,ctrl,Fura_2,0.805
0.028,ctrl,Fura_2,0.806
0.032,ctrl,Fura_2,0.806
0.036,ctrl,Fura_2,0.804
0.04,ctrl,Fura_2,0.806
0.044,ctrl,Fura_2,0.803
0.048,ctrl,Fura_2,0.804
0.052,ctrl,Fura_2,0.806
0.056,ctrl,Fura_2,0.805
0.06,ctrl,Fura_2,0.804
0.064,ctrl,Fura_2,0.804
0.068,ctrl,Fura_2,0.805
0.072,ctrl,Fura_2,0.801
0.076,ctrl,Fura_2,0.801
0.08,ctrl,Fura_2,0.801
0.084,ctrl,Fura_2,0.804
0.088,ctrl,Fura_2,0.8
0.092,ctrl,Fura_2,0.804
0.096,ctrl,Fura_2,0.803
0.1,ctrl,Fura_2,0.804
0.104,ctrl,Fura_2,0.809
0.108,ctrl,Fura_2,0.817
0.112,ctrl,Fura_2,0.821
0.116,ctrl,Fura_2,0.824
0.12,ctrl,Fura_2,0.834
0.124,ctrl,Fura_2,0.841
0.128,ctrl,Fura_2,0.85
0.132,ctrl,Fura_2,0.863
0.136,ctrl,Fura_2,0.873
0.14,ctrl,Fura_2,0.88
0.144,ctrl,Fura_2,0.881
0.148,ctrl,Fura_2,0.886
0.152,ctrl,Fura_2,0.889
0.156,ctrl,Fura_2,0.895
0.16,ctrl,Fura_2,0.895
0.164,ctrl,Fura_2,0.901
0.168,ctrl,Fura_2,0.904
0.172,ctrl,Fura_2,0.902
0.176,ctrl,Fura_2,0.908
0.18,ctrl,Fura_2,0.909
0.184,ctrl,Fura_2,0.91
0.188,ctrl,Fura_2,0.91
0.192,ctrl,Fura_2,0.914
0.196,ctrl,Fura_2,0.912
0.2,ctrl,Fura_2,0.915
0.204,ctrl,Fura_2,0.915
0.208,ctrl,Fura_2,0.921
0.212,ctrl,Fura_2,0.917
0.216,ctrl,Fura_2,0.918
0.22,ctrl,Fura_2,0.921
0.224,ctrl,Fura_2,0.927
0.228,ctrl,Fura_2,0.921
0.232,ctrl,Fura_2,0.923
0.236,ctrl,Fura_2,0.92
0.24,ctrl,Fura_2,0.929
0.244,ctrl,Fura_2,0.931
0.248,ctrl,Fura_2,0.93
0.252,ctrl,Fura_2,0.928
0.256,ctrl,Fura_2,0.929
0.26,ctrl,Fura_2,0.931
0.264,ctrl,Fura_2,0.93
0.268,ctrl,Fura_2,0.929
0.272,ctrl,Fura_2,0.932
0.276,ctrl,Fura_2,0.929
0.28,ctrl,Fura_2,0.937
0.284,ctrl,Fura_2,0.932
0.288,ctrl,Fura_2,0.932
0.292,ctrl,Fura_2,0.929
0.296,ctrl,Fura_2,0.935
0.3,ctrl,Fura_2,0.933
0.304,ctrl,Fura_2,0.936
0.308,ctrl,Fura_2,0.935
0.312,ctrl,Fura_2,0.935
0.316,ctrl,Fura_2,0.934
0.32,ctrl,Fura_2,0.935
0.324,ctrl,Fura_2,0.934
0.328,ctrl,Fura_2,0.934
0.332,ctrl,Fura_2,0.932
0.336,ctrl,Fura_2,0.941
0.34,ctrl,Fura_2,0.936
0.344,ctrl,Fura_2,0.934
0.348,ctrl,Fura_2,0.933
0.352,ctrl,Fura_2,0.933
0.356,ctrl,Fura_2,0.933
0.36,ctrl,Fura_2,0.932
0.364,ctrl,Fura_2,0.936
0.368,ctrl,Fura_2,0.933
0.372,ctrl,Fura_2,0.928
0.376,ctrl,Fura_2,0.93
0.38,ctrl,Fura_2,0.934
0.384,ctrl,Fura_2,0.931
0.388,ctrl,Fura_2,0.932
0.392,ctrl,Fura_2,0.932
0.396,ctrl,Fura_2,0.928
0.4,ctrl,Fura_2,0.929
0.404,ctrl,Fura_2,0.931
0.408,ctrl,Fura_2,0.927
0.412,ctrl,Fura_2,0.93
0.416,ctrl,Fura_2,0.927
0.42,ctrl,Fura_2,0.93
0.424,ctrl,Fura_2,0.926
0.428,ctrl,Fura_2,0.923
0.432,ctrl,Fura_2,0.923
0.436,ctrl,Fura_2,0.922
0.44,ctrl,Fura_2,0.921
0.444,ctrl,Fura_2,0.923
0.448,ctrl,Fura_2,0.919
0.452,ctrl,Fura_2,0.918
0.456,ctrl,Fura_2,0.917
0.46,ctrl,Fura_2,0.918
0.464,ctrl,Fura_2,0.917
0.468,ctrl,Fura_2,0.915
0.472,ctrl,Fura_2,0.915
0.476,ctrl,Fura_2,0.911
0.48,ctrl,Fura_2,0.914
0.484,ctrl,Fura_2,0.909
0.488,ctrl,Fura_2,0.912
0.492,ctrl,Fura_2,0.911
0.496,ctrl,Fura_2,0.911
0.5,ctrl,Fura_2,0.908
0.504,ctrl,Fura_2,0.909
0.508,ctrl,Fura_2,0.906
0.512,ctrl,Fura_2,0.904
0.516,ctrl,Fura_2,0.905
0.52,ctrl,Fura_2,0.901
0.524,ctrl,Fura_2,0.899
0.528,ctrl,Fura_2,0.895
0.532,ctrl,Fura_2,0.895
0.536,ctrl,Fura_2,0.902
0.54,ctrl,Fura_2,0.894
0.544,ctrl,Fura_2,0.894
0.548,ctrl,Fura_2,0.893
0.552,ctrl,Fura_2,0.892
0.556,ctrl,Fura_2,0.892
0.56,ctrl,Fura_2,0.889
0.564,ctrl,Fura_2,0.886
0.568,ctrl,Fura_2,0.887
0.572,ctrl,Fura_2,0.888
0.576,ctrl,Fura_2,0.883
0.58,ctrl,Fura_2,0.885
0.584,ctrl,Fura_2,0.887
0.588,ctrl,Fura_2,0.879
0.592,ctrl,Fura_2,0.885
0.596,ctrl,Fura_2,0.874
0.6,ctrl,Fura_2,0.878
0.604,ctrl,Fura_2,0.875
0.608,ctrl,Fura_2,0.873
0.612,ctrl,Fura_2,0.873
0.616,ctrl,Fura_2,0.872
0.62,ctrl,Fura_2,0.871
0.624,ctrl,Fura_2,0.869
0.628,ctrl,Fura_2,0.869
0.632,ctrl,Fura_2,0.868
0.636,ctrl,Fura_2,0.865
0.64,ctrl,Fura_2,0.864
0.644,ctrl,Fura_2,0.866
0.648,ctrl,Fura_2,0.86
0.652,ctrl,Fura_2,0.86
0.656,ctrl,Fura_2,0.858
0.66,ctrl,Fura_2,0.865
0.664,ctrl,Fura_2,0.858
0.668,ctrl,Fura_2,0.859
0.672,ctrl,Fura_2,0.858
0.676,ctrl,Fura_2,0.855
0.68,ctrl,Fura_2,0.856
0.684,ctrl,Fura_2,0.855
0.688,ctrl,Fura_2,0.85
0.692,ctrl,Fura_2,0.855
0.696,ctrl,Fura_2,0.852
0.7,ctrl,Fura_2,0.852
0.704,ctrl,Fura_2,0.847
0.708,ctrl,Fura_2,0.846
0.712,ctrl,Fura_2,0.85
0.716,ctrl,Fura_2,0.842
0.72,ctrl,Fura_2,0.847
0.724,ctrl,Fura_2,0.845
0.728,ctrl,Fura_2,0.843
0.732,ctrl,Fura_2,0.842
0.736,ctrl,Fura_2,0.84
0.74,ctrl,Fura_2,0.843
0.744,ctrl,Fura_2,0.843
0.748,ctrl,Fura_2,0.843
0.752,ctrl,Fura_2,0.841
0.756,ctrl,Fura_2,0.836
0.76,ctrl,Fura_2,0.84
0.764,ctrl,Fura_2,0.837
0.768,ctrl,Fura_2,0.843
0.772,ctrl,Fura_2,0.833
0.776,ctrl,Fura_2,0.83
0.78,ctrl,Fura_2,0.835
0.784,ctrl,Fura_2,0.835
0.788,ctrl,Fura_2,0.832
0.792,ctrl,Fura_2,0.83
0.796,ctrl,Fura_2,0.83
0.8,ctrl,Fura_2,0.829
0.804,ctrl,Fura_2,0.827
0.808,ctrl,Fura_2,0.828
0.812,ctrl,Fura_2,0.826
0.816,ctrl,Fura_2,0.827
0.82,ctrl,Fura_2,0.826
0.824,ctrl,Fura_2,0.826
0.828,ctrl,Fura_2,0.823
0.832,ctrl,Fura_2,0.822
0.836,ctrl,Fura_2,0.825
0.84,ctrl,Fura_2,0.825
0.844,ctrl,Fura_2,0.822
0.848,ctrl,Fura_2,0.821
0.852,ctrl,Fura_2,0.819
0.856,ctrl,Fura_2,0.819
0.86,ctrl,Fura_2,0.822
0.864,ctrl,Fura_2,0.82
0.868,ctrl,Fura_2,0.821
0.872,ctrl,Fura_2,0.817
0.876,ctrl,Fura_2,0.819
0.88,ctrl,Fura_2,0.817
0.884,ctrl,Fura_2,0.815
0.888,ctrl,Fura_2,0.814
0.892,ctrl,Fura_2,0.817
0.896,ctrl,Fura_2,0.814
0.9,ctrl,Fura_2,0.813
0.904,ctrl,Fura_2,0.811
0.908,ctrl,Fura_2,0.81
0.912,ctrl,Fura_2,0.811
0.916,ctrl,Fura_2,0.811
0.92,ctrl,Fura_2,0.81
0.924,ctrl,Fura_2,0.811
0.928,ctrl,Fura_2,0.808
0.932,ctrl,Fura_2,0.811
0.936,ctrl,Fura_2,0.807
0.94,ctrl,Fura_2,0.808
0.944,ctrl,Fura_2,0.809
0.948,ctrl,Fura_2,0.808
0.0,ctrl,Fura_3,0.754
0.004,ctrl,Fura_3,0.755
0.008,ctrl,Fura_3,0.754
0.012,ctrl,Fura_3,0.753
0.016,ctrl,Fura_3,0.749
0.02,ctrl,Fura_3,0.752
0.024,ctrl,Fura_3,0.749
0.028,ctrl,Fura_3,0.75
0.032,ctrl,Fura_3,0.751
0.036,ctrl,Fura_3,0.753
0.04,ctrl,Fura_3,0.75
0.044,ctrl,Fura_3,0.745
0.048,ctrl,Fura_3,0.749
0.052,ctrl,Fura_3,0.744
0.056,ctrl,Fura_3,0.745
0.06,ctrl,Fura_3,0.744
0.064,ctrl,Fura_3,0.747
0.068,ctrl,Fura_3,0.743
0.072,ctrl,Fura_3,0.743
0.076,ctrl,Fura_3,0.745
0.08,ctrl,Fura_3,0.743
0.084,ctrl,Fura_3,0.74
0.088,ctrl,Fura_3,0.744
0.092,ctrl,Fura_3,0.74
0.096,ctrl,Fura_3,0.739
0.1,ctrl,Fura_3,0.753
0.104,ctrl,Fura_3,0.767
0.108,ctrl,Fura_3,0.783
0.112,ctrl,Fura_3,0.794
0.116,ctrl,Fura_3,0.806
0.12,ctrl,Fura_3,0.812
0.124,ctrl,Fura_3,0.822
0.128,ctrl,Fura_3,0.828
0.132,ctrl,Fura_3,0.832
0.136,ctrl,Fura_3,0.835
0.14,ctrl,Fura_3,0.84
0.144,ctrl,Fura_3,0.845
0.148,ctrl,Fura_3,0.85
0.152,ctrl,Fura_3,0.854
0.156,ctrl,Fura_3,0.855
0.16,ctrl,Fura_3,0.856
0.164,ctrl,Fura_3,0.86
0.168,ctrl,Fura_3,0.862
0.172,ctrl,Fura_3,0.865
0.176,ctrl,Fura_3,0.865
0.18,ctrl,Fura_3,0.871
0.184,ctrl,Fura_3,0.871
0.188,ctrl,Fura_3,0.87
0.192,ctrl,Fura_3,0.874
0.196,ctrl,Fura_3,0.873
0.2,ctrl,Fura_3,0.878
0.204,ctrl,Fura_3,0.875
0.208,ctrl,Fura_3,0.881
0.212,ctrl,Fura_3,0.881
0.216,ctrl,Fura_3,0.881
0.22,ctrl,Fura_3,0.882
0.224,ctrl,Fura_3,0.885
0.228,ctrl,Fura_3,0.889
0.232,ctrl,Fura_3,0.892
0.236,ctrl,Fura_3,0.888
0.24,ctrl,Fura_3,0.883
0.244,ctrl,Fura_3,0.892
0.248,ctrl,Fura_3,0.89
0.252,ctrl,Fura_3,0.895
0.256,ctrl,Fura_3,0.894
0.26,ctrl,Fura_3,0.896
0.264,ctrl,Fura_3,0.896
0.268,ctrl,Fura_3,0.897
0.272,ctrl,Fura_3,0.896
0.276,ctrl,Fura_3,0.894
0.28,ctrl,Fura_3,0.903
0.284,ctrl,Fura_3,0.902
0.288,ctrl,Fura_3,0.9
0.292,ctrl,Fura_3,0.902
0.296,ctrl,Fura_3,0.9
0.3,ctrl,Fura_3,0.902
0.304,ctrl,Fura_3,0.904
0.308,ctrl,Fura_3,0.903
0.312,ctrl,Fura_3,0.908
0.316,ctrl,Fura_3,0.901
0.32,ctrl,Fura_3,0.903
0.324,ctrl,Fura_3,0.904
0.328,ctrl,Fura_3,0.906
0.332,ctrl,Fura_3,0.911
0.336,ctrl,Fura_3,0.908
0.34,ctrl,Fura_3,0.903
0.344,ctrl,Fura_3,0.904
0.348,ctrl,Fura_3,0.908
0.352,ctrl,Fura_3,0.904
0.356,ctrl,Fura_3,0.908
0.36,ctrl,Fura_3,0.912
0.364,ctrl,Fura_3,0.909
0.368,ctrl,Fura_3,0.909
0.372,ctrl,Fura_3,0.906
0.376,ctrl,Fura_3,0.909
0.38,ctrl,Fura_3,0.909
0.384,ctrl,Fura_3,0.912
0.388,ctrl,Fura_3,0.909
0.392,ctrl,Fura_3,0.907
0.396,ctrl,Fura_3,0.909
0.4,ctrl,Fura_3,0.911
0.404,ctrl,Fura_3,0.91
0.408,ctrl,Fura_3,0.91
0.412,ctrl,Fura_3,0.91
0.416,ctrl,Fura_3,0.911
0.42,ctrl,Fura_3,0.907
0.424,ctrl,Fura_3,0.908
0.428,ctrl,Fura_3,0.911
0.432,ctrl,Fura_3,0.908
0.436,ctrl,Fura_3,0.908
0.44,ctrl,Fura_3,0.907
0.444,ctrl,Fura_3,0.905
0.448,ctrl,Fura_3,0.902
0.452,ctrl,Fura_3,0.905
0.456,ctrl,Fura_3,0.904
0.46,ctrl,Fura_3,0.901
0.464,ctrl,Fura_3,0.906
0.468,ctrl,Fura_3,0.905
0.472,ctrl,Fura_3,0.905
0.476,ctrl,Fura_3,0.902
0.48,ctrl,Fura_3,0.901
0.484,ctrl,Fura_3,0.9
0.488,ctrl,Fura_3,0.902
0.492,ctrl,Fura_3,0.896
0.496,ctrl,Fura_3,0.901
0.5,ctrl,Fura_3,0.896
0.504,ctrl,Fura_3,0.895
0.508,ctrl,Fura_3,0.895
0.512,ctrl,Fura_3,0.892
0.516,ctrl,Fura_3,0.894
0.52,ctrl,Fura_3,0.892
0.524,ctrl,Fura_3,0.892
0.528,ctrl,Fura_3,0.887
0.532,ctrl,Fura_3,0.89
0.536,ctrl,Fura_3,0.886
0.54,ctrl,Fura_3,0.889
0.544,ctrl,Fura_3,0.888
0.548,ctrl,Fura_3,0.884
0.552,ctrl,Fura_3,0.88
0.556,ctrl,Fura_3,0.881
0.56,ctrl,Fura_3,0.879
0.564,ctrl,Fura_3,0.882
0.568,ctrl,Fura_3,0.876
0.572,ctrl,Fura_3,0.876
0.576,ctrl,Fura_3,0.872
0.58,ctrl,Fura_3,0.873
0.584,ctrl,Fura_3,0.874
0.588,ctrl,Fura_3,0.873
0.592,ctrl,Fura_3,0.873
0.596,ctrl,Fura_3,0.868
0.6,ctrl,Fura_3,0.872
0.604,ctrl,Fura_3,0.866
0.608,ctrl,Fura_3,0.868
0.612,ctrl,Fura_3,0.865
0.616,ctrl,Fura_3,0.859
0.62,ctrl,Fura_3,0.857
0.624,ctrl,Fura_3,0.856
0.628,ctrl,Fura_3,0.857
0.632,ctrl,Fura_3,0.853
0.636,ctrl,Fura_3,0.855
0.64,ctrl,Fura_3,0.848
0.644,ctrl,Fura_3,0.846
0.648,ctrl,Fura_3,0.851
0.652,ctrl,Fura_3,0.843
0.656,ctrl,Fura_3,0.846
0.66,ctrl,Fura_3,0.844
0.664,ctrl,Fura_3,0.841
0.668,ctrl,Fura_3,0.841
0.672,ctrl,Fura_3,0.835
0.676,ctrl,Fura_3,0.837
0.68,ctrl,Fura_3,0.835
0.684,ctrl,Fura_3,0.836
0.688,ctrl,Fura_3,0.833
0.692,ctrl,Fura_3,0.836
0.696,ctrl,Fura_3,0.828
0.7,ctrl,Fura_3,0.826
0.704,ctrl,Fura_3,0.824
0.708,ctrl,Fura_3,0.827
0.712,ctrl,Fura_3,0.822
0.716,ctrl,Fura_3,0.822
0.72,ctrl,Fura_3,0.819
0.724,ctrl,Fura_3,0.818
0.728,ctrl,Fura_3,0.819
0.732,ctrl,Fura_3,0.812
0.736,ctrl,Fura_3,0.815
0.74,ctrl,Fura_3,0.814
0.744,ctrl,Fura_3,0.812
0.748,ctrl,Fura_3,0.807
0.752,ctrl,Fura_3,0.807
0.756,ctrl,Fura_3,0.807
0.76,ctrl,Fura_3,0.803
0.764,ctrl,Fura_3,0.806
0.768,ctrl,Fura_3,0.8
0.772,ctrl,Fura_3,0.801
0.776,ctrl,Fura_3,0.8
0.78,ctrl,Fura_3,0.801
0.784,ctrl,Fura_3,0.799
0.788,ctrl,Fura_3,0.796
0.792,ctrl,Fura_3,0.801
0.796,ctrl,Fura_3,0.794
0.8,ctrl,Fura_3,0.797
0.804,ctrl,Fura_3,0.792
0.808,ctrl,Fura_3,0.793
0.812,ctrl,Fura_3,0.789
0.816,ctrl,Fura_3,0.79
0.82,ctrl,Fura_3,0.79
0.824,ctrl,Fura_3,0.786
0.828,ctrl,Fura_3,0.787
0.832,ctrl,Fura_3,0.781
0.836,ctrl,Fura_3,0.783
0.84,ctrl,Fura_3,0.781
0.844,ctrl,Fura_3,0.782
0.848,ctrl,Fura_3,0.78
0.852,ctrl,Fura_3,0.778
0.856,ctrl,Fura_3,0.778
0.86,ctrl,Fura_3,0.78
0.864,ctrl,Fura_3,0.778
0.868,ctrl,Fura_3,0.773
0.872,ctrl,Fura_3,0.777
0.876,ctrl,Fura_3,0.773
0.88,ctrl,Fura_3,0.774
0.884,ctrl,Fura_3,0.771
0.888,ctrl,Fura_3,0.769
0.892,ctrl,Fura_3,0.768
0.896,ctrl,Fura_3,0.769
0.9,ctrl,Fura_3,0.767
0.904,ctrl,Fura_3,0.767
0.908,ctrl,Fura_3,0.77
0.912,ctrl,Fura_3,0.766
0.916,ctrl,Fura_3,0.765
0.92,ctrl,Fura_3,0.764
0.924,ctrl,Fura_3,0.761
0.928,ctrl,Fura_3,0.763
0.932,ctrl,Fura_3,0.762
0.936,ctrl,Fura_3,0.759
0.94,ctrl,Fura_3,0.762
0.944,ctrl,Fura_3,0.76
0.948,ctrl,Fura_3,0.761
0.0,ctrl,Fura_4,0.895
0.004,ctrl,Fura_4,0.897
0.008,ctrl,Fura_4,0.897
0.012,ctrl,Fura_4,0.899
0.016,ctrl,Fura_4,0.901
0.02,ctrl,Fura_4,0.892
0.024,ctrl,Fura_4,0.893
0.028,ctrl,Fura_4,0.892
0.032,ctrl,Fura_4,0.897
0.036,ctrl,Fura_4,0.889
0.04,ctrl,Fura_4,0.89
0.044,ctrl,Fura_4,0.886
0.048,ctrl,Fura_4,0.892
0.052,ctrl,Fura_4,0.885
0.056,ctrl,Fura_4,0.885
0.06,ctrl,Fura_4,0.88
0.064,ctrl,Fura_4,0.885
0.068,ctrl,Fura_4,0.892
0.072,ctrl,Fura_4,0.887
0.076,ctrl,Fura_4,0.879
0.08,ctrl,Fura_4,0.887
0.084,ctrl,Fura_4,0.877
0.088,ctrl,Fura_4,0.878
0.092,ctrl,Fura_4,0.879
0.096,ctrl,Fura_4,0.877
0.1,ctrl,Fura_4,0.899
0.104,ctrl,Fura_4,0.94
0.108,ctrl,Fura_4,0.977
0.112,ctrl,Fura_4,1.004
0.116,ctrl,Fura_4,1.036
0.12,ctrl,Fura_4,1.052
0.124,ctrl,Fura_4,1.068
0.128,ctrl,Fura_4,1.083
0.132,ctrl,Fura_4,1.101
0.136,ctrl,Fura_4,1.113
0.14,ctrl,Fura_4,1.123
0.144,ctrl,Fura_4,1.133
0.148,ctrl,Fura_4,1.144
0.152,ctrl,Fura_4,1.152
0.156,ctrl,Fura_4,1.158
0.16,ctrl,Fura_4,1.165
0.164,ctrl,Fura_4,1.172
0.168,ctrl,Fura_4,1.185
0.172,ctrl,Fura_4,1.19
0.176,ctrl,Fura_4,1.199
0.18,ctrl,Fura_4,1.21
0.184,ctrl,Fura_4,1.213
0.188,ctrl,Fura_4,1.206
0.192,ctrl,Fura_4,1.227
0.196,ctrl,Fura_4,1.232
0.2,ctrl,Fura_4,1.234
0.204,ctrl,Fura_4,1.234
0.208,ctrl,Fura_4,1.241
0.212,ctrl,Fura_4,1.246
0.216,ctrl,Fura_4,1.247
0.22,ctrl,Fura_4,1.25
0.224,ctrl,Fura_4,1.258
0.228,ctrl,Fura_4,1.258
0.232,ctrl,Fura_4,1.262
0.236,ctrl,Fura_4,1.269
0.24,ctrl,Fura_4,1.268
0.244,ctrl,Fura_4,1.272
0.248,ctrl,Fura_4,1.273
0.252,ctrl,Fura_4,1.279
0.256,ctrl,Fura_4,1.286
0.26,ctrl,Fura_4,1.276
0.264,ctrl,Fura_4,1.286
0.268,ctrl,Fura_4,1.292
0.272,ctrl,Fura_4,1.289
0.276,ctrl,Fura_4,1.294
0.28,ctrl,Fura_4,1.304
0.284,ctrl,Fura_4,1.296
0.288,ctrl,Fura_4,1.303
0.292,ctrl,Fura_4,1.298
0.296,ctrl,Fura_4,1.302
0.3,ctrl,Fura_4,1.303
0.304,ctrl,Fura_4,1.304
0.308,ctrl,Fura_4,1.314
0.312,ctrl,Fura_4,1.308
0.316,ctrl,Fura_4,1.312
0.32,ctrl,Fura_4,1.312
0.324,ctrl,Fura_4,1.313
0.328,ctrl,Fura_4,1.313
0.332,ctrl,Fura_4,1.309
0.336,ctrl,Fura_4,1.305
0.34,ctrl,Fura_4,1.31
0.344,ctrl,Fura_4,1.312
0.348,ctrl,Fura_4,1.308
0.352,ctrl,Fura_4,1.31
0.356,ctrl,Fura_4,1.309
0.36,ctrl,Fura_4,1.304
0.364,ctrl,Fura_4,1.315
0.368,ctrl,Fura_4,1.317
0.372,ctrl,Fura_4,1.311
0.376,ctrl,Fura_4,1.313
0.38,ctrl,Fura_4,1.314
0.384,ctrl,Fura_4,1.305
0.388,ctrl,Fura_4,1.303
0.392,ctrl,Fura_4,1.308
0.396,ctrl,Fura_4,1.301
0.4,ctrl,Fura_4,1.308
0.404,ctrl,Fura_4,1.296
0.408,ctrl,Fura_4,1.3
0.412,ctrl,Fura_4,1.293
0.416,ctrl,Fura_4,1.294
0.42,ctrl,Fura_4,1.294
0.424,ctrl,Fura_4,1.297
0.428,ctrl,Fura_4,1.276
0.432,ctrl,Fura_4,1.282
0.436,ctrl,Fura_4,1.281
0.44,ctrl,Fura_4,1.281
0.444,ctrl,Fura_4,1.285
0.448,ctrl,Fura_4,1.272
0.452,ctrl,Fura_4,1.277
0.456,ctrl,Fura_4,1.268
0.46,ctrl,Fura_4,1.264
0.464,ctrl,Fura_4,1.261
0.468,ctrl,Fura_4,1.258
0.472,ctrl,Fura_4,1.256
0.476,ctrl,Fura_4,1.249
0.48,ctrl,Fura_4,1.249
0.484,ctrl,Fura_4,1.243
0.488,ctrl,Fura_4,1.236
0.492,ctrl,Fura_4,1.231
0.496,ctrl,Fura_4,1.23
0.5,ctrl,Fura_4,1.221
0.504,ctrl,Fura_4,1.22
0.508,ctrl,Fura_4,1.218
0.512,ctrl,Fura_4,1.214
0.516,ctrl,Fura_4,1.212
0.52,ctrl,Fura_4,1.197
0.524,ctrl,Fura_4,1.195
0.528,ctrl,Fura_4,1.196
0.532,ctrl,Fura_4,1.196
0.536,ctrl,Fura_4,1.187
0.54,ctrl,Fura_4,1.179
0.544,ctrl,Fura_4,1.176
0.548,ctrl,Fura_4,1.166
0.552,ctrl,Fura_4,1.17
0.556,ctrl,Fura_4,1.163
0.56,ctrl,Fura_4,1.157
0.564,ctrl,Fura_4,1.152
0.568,ctrl,Fura_4,1.152
0.572,ctrl,Fura_4,1.147
0.576,ctrl,Fura_4,1.142
0.58,ctrl,Fura_4,1.141
0.584,ctrl,Fura_4,1.127
0.588,ctrl,Fura_4,1.133
0.592,ctrl,Fura_4,1.117
0.596,ctrl,Fura_4,1.123
0.6,ctrl,Fura_4,1.119
0.604,ctrl,Fura_4,1.112
0.608,ctrl,Fura_4,1.109
0.612,ctrl,Fura_4,1.107
0.616,ctrl,Fura_4,1.1
0.62,ctrl,Fura_4,1.09
0.624,ctrl,Fura_4,1.089
0.628,ctrl,Fura_4,1.094
0.632,ctrl,Fura_4,1.082
0.636,ctrl,Fura_4,1.08
0.64,ctrl,Fura_4,1.078
0.644,ctrl,Fura_4,1.066
0.648,ctrl,Fura_4,1.066
0.652,ctrl,Fura_4,1.067
0.656,ctrl,Fura_4,1.06
0.66,ctrl,Fura_4,1.055
0.664,ctrl,Fura_4,1.047
0.668,ctrl,Fura_4,1.053
0.672,ctrl,Fura_4,1.045
0.676,ctrl,Fura_4,1.046
0.68,ctrl,Fura_4,1.046
0.684,ctrl,Fura_4,1.039
0.688,ctrl,Fura_4,1.034
0.692,ctrl,Fura_4,1.029
0.696,ctrl,Fura_4,1.032
0.7,ctrl,Fura_4,1.027
0.704,ctrl,Fura_4,1.024
0.708,ctrl,Fura_4,1.016
0.712,ctrl,Fura_4,1.011
0.716,ctrl,Fura_4,1.012
0.72,ctrl,Fura_4,1.01
0.724,ctrl,Fura_4,1.012
0.728,ctrl,Fura_4,1.01
0.732,ctrl,Fura_4,1.004
0.736,ctrl,Fura_4,0.995
0.74,ctrl,Fura_4,1.001
0.744,ctrl,Fura_4,0.996
0.748,ctrl,Fura_4,0.991
0.752,ctrl,Fura_4,0.995
0.756,ctrl,Fura_4,0.99
0.76,ctrl,Fura_4,0.986
0.764,ctrl,Fura_4,0.987
0.768,ctrl,Fura_4,0.978
0.772,ctrl,Fura_4,0.973
0.776,ctrl,Fura_4,0.98
0.78,ctrl,Fura_4,0.973
0.784,ctrl,Fura_4,0.972
0.788,ctrl,Fura_4,0.962
0.792,ctrl,Fura_4,0.965
0.796,ctrl,Fura_4,0.965
0.8,ctrl,Fura_4,0.964
0.804,ctrl,Fura_4,0.96
0.808,ctrl,Fura_4,0.958
0.812,ctrl,Fura_4,0.963
0.816,ctrl,Fura_4,0.957
0.82,ctrl,Fura_4,0.955
0.824,ctrl,Fura_4,0.951
0.828,ctrl,Fura_4,0.954
0.832,ctrl,Fura_4,0.947
0.836,ctrl,Fura_4,0.949
0.84,ctrl,Fura_4,0.942
0.844,ctrl,Fura_4,0.941
0.848,ctrl,Fura_4,0.94
0.852,ctrl,Fura_4,0.942
0.856,ctrl,Fura_4,0.936
0.86,ctrl,Fura_4,0.938
0.864,ctrl,Fura_4,0.933
0.868,ctrl,Fura_4,0.93
0.872,ctrl,Fura_4,0.936
0.876,ctrl,Fura_4,0.933
0.88,ctrl,Fura_4,0.929
0.884,ctrl,Fura_4,0.924
0.888,ctrl,Fura_4,0.928
0.892,ctrl,Fura_4,0.921
0.896,ctrl,Fura_4,0.923
0.9,ctrl,Fura_4,0.919
0.904,ctrl,Fura_4,0.919
0.908,ctrl,Fura_4,0.922
0.912,ctrl,Fura_4,0.918
0.916,ctrl,Fura_4,0.919
0.92,ctrl,Fura_4,0.913
0.924,ctrl,Fura_4,0.915
0.928,ctrl,Fura_4,0.911
0.932,ctrl,Fura_4,0.904
0.936,ctrl,Fura_4,0.91
0.94,ctrl,Fura_4,0.904
0.944,ctrl,Fura_4,0.907
0.948,ctrl,Fura_4,0.905
0.0,ctrl,Fura_5,0.91
0.004,ctrl,Fura_5,0.912
0.008,ctrl,Fura_5,0.908
0.012,ctrl,Fura_5,0.907
0.016,ctrl,Fura_5,0.905
0.02,ctrl,Fura_5,0.907
0.024,ctrl,Fura_5,0.903
0.028,ctrl,Fura_5,0.901
0.032,ctrl,Fura_5,0.905
0.036,ctrl,Fura_5,0.903
0.04,ctrl,Fura_5,0.906
0.044,ctrl,Fura_5,0.902
0.048,ctrl,Fura_5,0.899
0.052,ctrl,Fura_5,0.902
0.056,ctrl,Fura_5,0.899
0.06,ctrl,Fura_5,0.897
0.064,ctrl,Fura_5,0.895
0.068,ctrl,Fura_5,0.898
0.072,ctrl,Fura_5,0.897
0.076,ctrl,Fura_5,0.894
0.08,ctrl,Fura_5,0.894
0.084,ctrl,Fura_5,0.897
0.088,ctrl,Fura_5,0.895
0.092,ctrl,Fura_5,0.892
0.096,ctrl,Fura_5,0.896
0.1,ctrl,Fura_5,0.895
0.104,ctrl,Fura_5,0.901
0.108,ctrl,Fura_5,0.91
0.112,ctrl,Fura_5,0.94
0.116,ctrl,Fura_5,0.963
0.12,ctrl,Fura_5,0.98
0.124,ctrl,Fura_5,1.0
0.128,ctrl,Fura_5,1.005
0.132,ctrl,Fura_5,1.02
0.136,ctrl,Fura_5,1.028
0.14,ctrl,Fura_5,1.034
0.144,ctrl,Fura_5,1.048
0.148,ctrl,Fura_5,1.053
0.152,ctrl,Fura_5,1.065
0.156,ctrl,Fura_5,1.063
0.16,ctrl,Fura_5,1.076
0.164,ctrl,Fura_5,1.082
0.168,ctrl,Fura_5,1.081
0.172,ctrl,Fura_5,1.087
0.176,ctrl,Fura_5,1.1
0.18,ctrl,Fura_5,1.103
0.184,ctrl,Fura_5,1.104
0.188,ctrl,Fura_5,1.11
0.192,ctrl,Fura_5,1.113
0.196,ctrl,Fura_5,1.117
0.2,ctrl,Fura_5,1.125
0.204,ctrl,Fura_5,1.127
0.208,ctrl,Fura_5,1.129
0.212,ctrl,Fura_5,1.137
0.216,ctrl,Fura_5,1.146
0.22,ctrl,Fura_5,1.141
0.224,ctrl,Fura_5,1.138
0.228,ctrl,Fura_5,1.142
0.232,ctrl,Fura_5,1.138
0.236,ctrl,Fura_5,1.155
0.24,ctrl,Fura_5,1.148
0.244,ctrl,Fura_5,1.164
0.248,ctrl,Fura_5,1.161
0.252,ctrl,Fura_5,1.162
0.256,ctrl,Fura_5,1.163
0.26,ctrl,Fura_5,1.168
0.264,ctrl,Fura_5,1.167
0.268,ctrl,Fura_5,1.169
0.272,ctrl,Fura_5,1.17
0.276,ctrl,Fura_5,1.172
0.28,ctrl,Fura_5,1.169
0.284,ctrl,Fura_5,1.171
0.288,ctrl,Fura_5,1.173
0.292,ctrl,Fura_5,1.179
0.296,ctrl,Fura_5,1.18
0.3,ctrl,Fura_5,1.178
0.304,ctrl,Fura_5,1.179
0.308,ctrl,Fura_5,1.175
0.312,ctrl,Fura_5,1.181
0.316,ctrl,Fura_5,1.185
0.32,ctrl,Fura_5,1.181
0.324,ctrl,Fura_5,1.182
0.328,ctrl,Fura_5,1.186
0.332,ctrl,Fura_5,1.179
0.336,ctrl,Fura_5,1.179
0.34,ctrl,Fura_5,1.179
0.344,ctrl,Fura_5,1.187
0.348,ctrl,Fura_5,1.182
0.352,ctrl,Fura_5,1.184
0.356,ctrl,Fura_5,1.184
0.36,ctrl,Fura_5,1.178
0.364,ctrl,Fura_5,1.176
0.368,ctrl,Fura_5,1.18
0.372,ctrl,Fura_5,1.181
0.376,ctrl,Fura_5,1.176
0.38,ctrl,Fura_5,1.181
0.384,ctrl,Fura_5,1.179
0.388,ctrl,Fura_5,1.178
0.392,ctrl,Fura_5,1.173
0.396,ctrl,Fura_5,1.174
0.4,ctrl,Fura_5,1.169
0.404,ctrl,Fura_5,1.173
0.408,ctrl,Fura_5,1.168
0.412,ctrl,Fura_5,1.169
0.416,ctrl,Fura_5,1.162
0.42,ctrl,Fura_5,1.166
0.424,ctrl,Fura_5,1.16
0.428,ctrl,Fura_5,1.157
0.432,ctrl,Fura_5,1.156
0.436,ctrl,Fura_5,1.154
0.44,ctrl,Fura_5,1.156
0.444,ctrl,Fura_5,1.154
0.448,ctrl,Fura_5,1.146
0.452,ctrl,Fura_5,1.151
0.456,ctrl,Fura_5,1.143
0.46,ctrl,Fura_5,1.14
0.464,ctrl,Fura_5,1.144
0.468,ctrl,Fura_5,1.139
0.472,ctrl,Fura_5,1.139
0.476,ctrl,Fura_5,1.136
0.48,ctrl,Fura_5,1.133
0.484,ctrl,Fura_5,1.13
0.488,ctrl,Fura_5,1.122
0.492,ctrl,Fura_5,1.127
0.496,ctrl,Fura_5,1.123
0.5,ctrl,Fura_5,1.118
0.504,ctrl,Fura_5,1.119
0.508,ctrl,Fura_5,1.114
0.512,ctrl,Fura_5,1.113
0.516,ctrl,Fura_5,1.111
0.52,ctrl,Fura_5,1.109
0.524,ctrl,Fura_5,1.108
0.528,ctrl,Fura_5,1.104
0.532,ctrl,Fura_5,1.103
0.536,ctrl,Fura_5,1.093
0.54,ctrl,Fura_5,1.097
0.544,ctrl,Fura_5,1.097
0.548,ctrl,Fura_5,1.088
0.552,ctrl,Fura_5,1.09
0.556,ctrl,Fura_5,1.085
0.56,ctrl,Fura_5,1.085
0.564,ctrl,Fura_5,1.081
0.568,ctrl,Fura_5,1.076
0.572,ctrl,Fura_5,1.079
0.576,ctrl,Fura_5,1.075
0.58,ctrl,Fura_5,1.072
0.584,ctrl,Fura_5,1.068
0.588,ctrl,Fura_5,1.071
0.592,ctrl,Fura_5,1.064
0.596,ctrl,Fura_5,1.061
0.6,ctrl,Fura_5,1.061
0.604,ctrl,Fura_5,1.054
0.608,ctrl,Fura_5,1.056
0.612,ctrl,Fura_5,1.052
0.616,ctrl,Fura_5,1.048
0.62,ctrl,Fura_5,1.051
0.624,ctrl,Fura_5,1.042
0.628,ctrl,Fura_5,1.044
0.632,ctrl,Fura_5,1.036
0.636,ctrl,Fura_5,1.038
0.64,ctrl,Fura_5,1.037
0.644,ctrl,Fura_5,1.034
0.648,ctrl,Fura_5,1.032
0.652,ctrl,Fura_5,1.032
0.656,ctrl,Fura_5,1.022
0.66,ctrl,Fura_5,1.029
0.664,ctrl,Fura_5,1.02
0.668,ctrl,Fura_5,1.022
0.672,ctrl,Fura_5,1.021
0.676,ctrl,Fura_5,1.021
0.68,ctrl,Fura_5,1.013
0.684,ctrl,Fura_5,1.009
0.688,ctrl,Fura_5,1.009
0.692,ctrl,Fura_5,1.011
0.696,ctrl,Fura_5,1.002
0.7,ctrl,Fura_5,1.006
0.704,ctrl,Fura_5,0.999
0.708,ctrl,Fura_5,1.007
0.712,ctrl,Fura_5,1.0
0.716,ctrl,Fura_5,0.998
0.72,ctrl,Fura_5,0.997
0.724,ctrl,Fura_5,0.994
0.728,ctrl,Fura_5,0.993
0.732,ctrl,Fura_5,0.991
0.736,ctrl,Fura_5,0.984
0.74,ctrl,Fura_5,0.983
0.744,ctrl,Fura_5,0.986
0.748,ctrl,Fura_5,0.987
0.752,ctrl,Fura_5,0.985
0.756,ctrl,Fura_5,0.982
0.76,ctrl,Fura_5,0.98
0.764,ctrl,Fura_5,0.977
0.768,ctrl,Fura_5,0.977
0.772,ctrl,Fura_5,0.971
0.776,ctrl,Fura_5,0.969
0.78,ctrl,Fura_5,0.962
0.784,ctrl,Fura_5,0.97
0.788,ctrl,Fura_5,0.963
0.792,ctrl,Fura_5,0.962
0.796,ctrl,Fura_5,0.965
0.8,ctrl,Fura_5,0.966
0.804,ctrl,Fura_5,0.959
0.808,ctrl,Fura_5,0.959
0.812,ctrl,Fura_5,0.957
0.816,ctrl,Fura_5,0.958
0.82,ctrl,Fura_5,0.954
0.824,ctrl,Fura_5,0.957
0.828,ctrl,Fura_5,0.954
0.832,ctrl,Fura_5,0.949
0.836,ctrl,Fura_5,0.946
0.84,ctrl,Fura_5,0.951
0.844,ctrl,Fura_5,0.944
0.848,ctrl,Fura_5,0.946
0.852,ctrl,Fura_5,0.946
0.856,ctrl,Fura_5,0.943
0.86,ctrl,Fura_5,0.939
0.864,ctrl,Fura_5,0.942
0.868,ctrl,Fura_5,0.938
0.872,ctrl,Fura_5,0.942
0.876,ctrl,Fura_5,0.936
0.88,ctrl,Fura_5,0.929
0.884,ctrl,Fura_5,0.934
0.888,ctrl,Fura_5,0.934
0.892,ctrl,Fura_5,0.931
0.896,ctrl,Fura_5,0.936
0.9,ctrl,Fura_5,0.93
0.904,ctrl,Fura_5,0.929
0.908,ctrl,Fura_5,0.927
0.912,ctrl,Fura_5,0.923
0.916,ctrl,Fura_5,0.929
0.92,ctrl,Fura_5,0.924
0.924,ctrl,Fura_5,0.917
0.928,ctrl,Fura_5,0.919
0.932,ctrl,Fura_5,0.921
0.936,ctrl,Fura_5,0.917
0.94,ctrl,Fura_5,0.916
0.944,ctrl,Fura_5,0.92
0.948,ctrl,Fura_5,0.918
0.0,ctrl,Fura_6,0.805
0.004,ctrl,Fura_6,0.804
0.008,ctrl,Fura_6,0.807
0.012,ctrl,Fura_6,0.8
0.016,ctrl,Fura_6,0.8
0.02,ctrl,Fura_6,0.802
0.024,ctrl,Fura_6,0.798
0.028,ctrl,Fura_6,0.798
0.032,ctrl,Fura_6,0.798
0.036,ctrl,Fura_6,0.794
0.04,ctrl,Fura_6,0.796
0.044,ctrl,Fura_6,0.795
0.048,ctrl,Fura_6,0.795
0.052,ctrl,Fura_6,0.793
0.056,ctrl,Fura_6,0.795
0.06,ctrl,Fura_6,0.793
0.064,ctrl,Fura_6,0.793
0.068,ctrl,Fura_6,0.793
0.072,ctrl,Fura_6,0.786
0.076,ctrl,Fura_6,0.789
0.08,ctrl,Fura_6,0.786
0.084,ctrl,Fura_6,0.79
0.088,ctrl,Fura_6,0.784
0.092,ctrl,Fura_6,0.788
0.096,ctrl,Fura_6,0.784
0.1,ctrl,Fura_6,0.798
0.104,ctrl,Fura_6,0.818
0.108,ctrl,Fura_6,0.844
0.112,ctrl,Fura_6,0.858
0.116,ctrl,Fura_6,0.871
0.12,ctrl,Fura_6,0.891
0.124,ctrl,Fura_6,0.897
0.128,ctrl,Fura_6,0.903
0.132,ctrl,Fura_6,0.905
0.136,ctrl,Fura_6,0.91
0.14,ctrl,Fura_6,0.922
0.144,ctrl,Fura_6,0.932
0.148,ctrl,Fura_6,0.929
0.152,ctrl,Fura_6,0.936
0.156,ctrl,Fura_6,0.939
0.16,ctrl,Fura_6,0.947
0.164,ctrl,Fura_6,0.949
0.168,ctrl,Fura_6,0.95
0.172,ctrl,Fura_6,0.958
0.176,ctrl,Fura_6,0.957
0.18,ctrl,Fura_6,0.966
0.184,ctrl,Fura_6,0.963
0.188,ctrl,Fura_6,0.971
0.192,ctrl,Fura_6,0.975
0.196,ctrl,Fura_6,0.975
0.2,ctrl,Fura_6,0.978
0.204,ctrl,Fura_6,0.984
0.208,ctrl,Fura_6,0.986
0.212,ctrl,Fura_6,0.988
0.216,ctrl,Fura_6,0.99
0.22,ctrl,Fura_6,0.991
0.224,ctrl,Fura_6,0.996
0.228,ctrl,Fura_6,0.995
0.232,ctrl,Fura_6,0.998
0.236,ctrl,Fura_6,0.997
0.24,ctrl,Fura_6,1.006
0.244,ctrl,Fura_6,1.002
0.248,ctrl,Fura_6,1.007
0.252,ctrl,Fura_6,1.008
0.256,ctrl,Fura_6,1.008
0.26,ctrl,Fura_6,1.011
0.264,ctrl,Fura_6,1.01
0.268,ctrl,Fura_6,1.017
0.272,ctrl,Fura_6,1.017
0.276,ctrl,Fura_6,1.019
0.28,ctrl,Fura_6,1.028
0.284,ctrl,Fura_6,1.018
0.288,ctrl,Fura_6,1.02
0.292,ctrl,Fura_6,1.028
0.296,ctrl,Fura_6,1.022
0.3,ctrl,Fura_6,1.025
0.304,ctrl,Fura_6,1.027
0.308,ctrl,Fura_6,1.031
0.312,ctrl,Fura_6,1.032
0.316,ctrl,Fura_6,1.028
0.32,ctrl,Fura_6,1.034
0.324,ctrl,Fura_6,1.038
0.328,ctrl,Fura_6,1.031
0.332,ctrl,Fura_6,1.031
0.336,ctrl,Fura_6,1.036
0.34,ctrl,Fura_6,1.033
0.344,ctrl,Fura_6,1.032
0.348,ctrl,Fura_6,1.03
0.352,ctrl,Fura_6,1.034
0.356,ctrl,Fura_6,1.033
0.36,ctrl,Fura_6,1.036
0.364,ctrl,Fura_6,1.033
0.368,ctrl,Fura_6,1.034
0.372,ctrl,Fura_6,1.033
0.376,ctrl,Fura_6,1.034
0.38,ctrl,Fura_6,1.03
0.384,ctrl,Fura_6,1.033
0.388,ctrl,Fura_6,1.031
0.392,ctrl,Fura_6,1.031
0.396,ctrl,Fura_6,1.024
0.4,ctrl,Fura_6,1.024
0.404,ctrl,Fura_6,1.026
0.408,ctrl,Fura_6,1.024
0.412,ctrl,Fura_6,1.025
0.416,ctrl,Fura_6,1.023
0.42,ctrl,Fura_6,1.02
0.424,ctrl,Fura_6,1.022
0.428,ctrl,Fura_6,1.016
0.432,ctrl,Fura_6,1.02
0.436,ctrl,Fura_6,1.015
0.44,ctrl,Fura_6,1.014
0.444,ctrl,Fura_6,1.01
0.448,ctrl,Fura_6,1.004
0.452,ctrl,Fura_6,1.008
0.456,ctrl,Fura_6,1.006
0.46,ctrl,Fura_6,1.012
0.464,ctrl,Fura_6,1.007
0.468,ctrl,Fura_6,1.004
0.472,ctrl,Fura_6,1.001
0.476,ctrl,Fura_6,1.001
0.48,ctrl,Fura_6,1.002
0.484,ctrl,Fura_6,0.994
0.488,ctrl,Fura_6,0.996
0.492,ctrl,Fura_6,0.99
0.496,ctrl,Fura_6,0.991
0.5,ctrl,Fura_6,0.991
0.504,ctrl,Fura_6,0.986
0.508,ctrl,Fura_6,0.984
0.512,ctrl,Fura_6,0.985
0.516,ctrl,Fura_6,0.982
0.52,ctrl,Fura_6,0.977
0.524,ctrl,Fura_6,0.977
0.528,ctrl,Fura_6,0.971
0.532,ctrl,Fura_6,0.962
0.536,ctrl,Fura_6,0.969
0.54,ctrl,Fura_6,0.965
0.544,ctrl,Fura_6,0.966
0.548,ctrl,Fura_6,0.964
0.552,ctrl,Fura_6,0.963
0.556,ctrl,Fura_6,0.959
0.56,ctrl,Fura_6,0.958
0.564,ctrl,Fura_6,0.955
0.568,ctrl,Fura_6,0.952
0.572,ctrl,Fura_6,0.952
0.576,ctrl,Fura_6,0.941
0.58,ctrl,Fura_6,0.943
0.584,ctrl,Fura_6,0.945
0.588,ctrl,Fura_6,0.944
0.592,ctrl,Fura_6,0.943
0.596,ctrl,Fura_6,0.933
0.6,ctrl,Fura_6,0.933
0.604,ctrl,Fura_6,0.934
0.608,ctrl,Fura_6,0.933
0.612,ctrl,Fura_6,0.927
0.616,ctrl,Fura_6,0.926
0.62,ctrl,Fura_6,0.929
0.624,ctrl,Fura_6,0.926
0.628,ctrl,Fura_6,0.924
0.632,ctrl,Fura_6,0.915
0.636,ctrl,Fura_6,0.915
0.64,ctrl,Fura_6,0.919
0.644,ctrl,Fura_6,0.913
0.648,ctrl,Fura_6,0.911
0.652,ctrl,Fura_6,0.909
0.656,ctrl,Fura_6,0.909
0.66,ctrl,Fura_6,0.907
0.664,ctrl,Fura_6,0.906
0.668,ctrl,Fura_6,0.904
0.672,ctrl,Fura_6,0.899
0.676,ctrl,Fura_6,0.906
0.68,ctrl,Fura_6,0.894
0.684,ctrl,Fura_6,0.894
0.688,ctrl,Fura_6,0.896
0.692,ctrl,Fura_6,0.894
0.696,ctrl,Fura_6,0.892
0.7,ctrl,Fura_6,0.888
0.704,ctrl,Fura_6,0.885
0.708,ctrl,Fura_6,0.886
0.712,ctrl,Fura_6,0.884
0.716,ctrl,Fura_6,0.882
0.72,ctrl,Fura_6,0.883
0.724,ctrl,Fura_6,0.88
0.728,ctrl,Fura_6,0.879
0.732,ctrl,Fura_6,0.881
0.736,ctrl,Fura_6,0.874
0.74,ctrl,Fura_6,0.875
0.744,ctrl,Fura_6,0.874
0.748,ctrl,Fura_6,0.871
0.752,ctrl,Fura_6,0.871
0.756,ctrl,Fura_6,0.869
0.76,ctrl,Fura_6,0.869
0.764,ctrl,Fura_6,0.865
0.768,ctrl,Fura_6,0.866
0.772,ctrl,Fura_6,0.862
0.776,ctrl,Fura_6,0.865
0.78,ctrl,Fura_6,0.862
0.784,ctrl,Fura_6,0.859
0.788,ctrl,Fura_6,0.857
0.792,ctrl,Fura_6,0.861
0.796,ctrl,Fura_6,0.855
0.8,ctrl,Fura_6,0.854
0.804,ctrl,Fura_6,0.855
0.808,ctrl,Fura_6,0.851
0.812,ctrl,Fura_6,0.849
0.816,ctrl,Fura_6,0.846
0.82,ctrl,Fura_6,0.843
0.824,ctrl,Fura_6,0.848
0.828,ctrl,Fura_6,0.843
0.832,ctrl,Fura_6,0.84
0.836,ctrl,Fura_6,0.839
0.84,ctrl,Fura_6,0.845
0.844,ctrl,Fura_6,0.838
0.848,ctrl,Fura_6,0.835
0.852,ctrl,Fura_6,0.835
0.856,ctrl,Fura_6,0.834
0.86,ctrl,Fura_6,0.835
0.864,ctrl,Fura_6,0.835
0.868,ctrl,Fura_6,0.827
0.872,ctrl,Fura_6,0.83
0.876,ctrl,Fura_6,0.832
0.88,ctrl,Fura_6,0.833
0.884,ctrl,Fura_6,0.829
0.888,ctrl,Fura_6,0.828
0.892,ctrl,Fura_6,0.828
0.896,ctrl,Fura_6,0.825
0.9,ctrl,Fura_6,0.826
0.904,ctrl,Fura_6,0.823
0.908,ctrl,Fura_6,0.82
0.912,ctrl,Fura_6,0.82
0.916,ctrl,Fura_6,0.822
0.92,ctrl,Fura_6,0.82
0.924,ctrl,Fura_6,0.817
0.928,ctrl,Fura_6,0.815
0.932,ctrl,Fura_6,0.815
0.936,ctrl,Fura_6,0.816
0.94,ctrl,Fura_6,0.815
0.944,ctrl,Fura_6,0.813
0.948,ctrl,Fura_6,0.811
0.0,ctrl,Fura_7,0.88
0.004,ctrl,Fura_7,0.874
0.008,ctrl,Fura_7,0.875
0.012,ctrl,Fura_7,0.87
0.016,ctrl,Fura_7,0.876
0.02,ctrl,Fura_7,0.872
0.024,ctrl,Fura_7,0.869
0.028,ctrl,Fura_7,0.872
0.032,ctrl,Fura_7,0.865
0.036,ctrl,Fura_7,0.867
0.04,ctrl,Fura_7,0.866
0.044,ctrl,Fura_7,0.866
0.048,ctrl,Fura_7,0.863
0.052,ctrl,Fura_7,0.862
0.056,ctrl,Fura_7,0.859
0.06,ctrl,Fura_7,0.86
0.064,ctrl,Fura_7,0.862
0.068,ctrl,Fura_7,0.858
0.072,ctrl,Fura_7,0.859
0.076,ctrl,Fura_7,0.852
0.08,ctrl,Fura_7,0.854
0.084,ctrl,Fura_7,0.852
0.088,ctrl,Fura_7,0.856
0.092,ctrl,Fura_7,0.855
0.096,ctrl,Fura_7,0.851
0.1,ctrl,Fura_7,0.856
0.104,ctrl,Fura_7,0.869
0.108,ctrl,Fura_7,0.883
0.112,ctrl,Fura_7,0.902
0.116,ctrl,Fura_7,0.916
0.12,ctrl,Fura_7,0.919
0.124,ctrl,Fura_7,0.931
0.128,ctrl,Fura_7,0.94
0.132,ctrl,Fura_7,0.944
0.136,ctrl,Fura_7,0.949
0.14,ctrl,Fura_7,0.949
0.144,ctrl,Fura_7,0.958
0.148,ctrl,Fura_7,0.965
0.152,ctrl,Fura_7,0.964
0.156,ctrl,Fura_7,0.971
0.16,ctrl,Fura_7,0.979
0.164,ctrl,Fura_7,0.984
0.168,ctrl,Fura_7,0.981
0.172,ctrl,Fura_7,0.981
0.176,ctrl,Fura_7,0.99
0.18,ctrl,Fura_7,0.99
0.184,ctrl,Fura_7,0.995
0.188,ctrl,Fura_7,1.001
0.192,ctrl,Fura_7,0.996
0.196,ctrl,Fura_7,1.003
0.2,ctrl,Fura_7,1.003
0.204,ctrl,Fura_7,1.012
0.208,ctrl,Fura_7,1.01
0.212,ctrl,Fura_7,1.013
0.216,ctrl,Fura_7,1.02
0.22,ctrl,Fura_7,1.018
0.224,ctrl,Fura_7,1.022
0.228,ctrl,Fura_7,1.024
0.232,ctrl,Fura_7,1.026
0.236,ctrl,Fura_7,1.03
0.24,ctrl,Fura_7,1.029
0.244,ctrl,Fura_7,1.027
0.248,ctrl,Fura_7,1.032
0.252,ctrl,Fura_7,1.033
0.256,ctrl,Fura_7,1.039
0.26,ctrl,Fura_7,1.044
0.264,ctrl,Fura_7,1.043
0.268,ctrl,Fura_7,1.039
0.272,ctrl,Fura_7,1.046
0.276,ctrl,Fura_7,1.047
0.28,ctrl,Fura_7,1.048
0.284,ctrl,Fura_7,1.046
0.288,ctrl,Fura_7,1.053
0.292,ctrl,Fura_7,1.056
0.296,ctrl,Fura_7,1.06
0.3,ctrl,Fura_7,1.055
0.304,ctrl,Fura_7,1.053
0.308,ctrl,Fura_7,1.061
0.312,ctrl,Fura_7,1.06
0.316,ctrl,Fura_7,1.065
0.32,ctrl,Fura_7,1.062
0.324,ctrl,Fura_7,1.062
0.328,ctrl,Fura_7,1.067
0.332,ctrl,Fura_7,1.069
0.336,ctrl,Fura_7,1.067
0.34,ctrl,Fura_7,1.071
0.344,ctrl,Fura_7,1.073
0.348,ctrl,Fura_7,1.067
0.352,ctrl,Fura_7,1.073
0.356,ctrl,Fura_7,1.076
0.36,ctrl,Fura_7,1.075
0.364,ctrl,Fura_7,1.078
0.368,ctrl,Fura_7,1.079
0.372,ctrl,Fura_7,1.081
0.376,ctrl,Fura_7,1.083
0.38,ctrl,Fura_7,1.081
0.384,ctrl,Fura_7,1.084
0.388,ctrl,Fura_7,1.079
0.392,ctrl,Fura_7,1.084
0.396,ctrl,Fura_7,1.083
0.4,ctrl,Fura_7,1.08
0.404,ctrl,Fura_7,1.081
0.408,ctrl,Fura_7,1.089
0.412,ctrl,Fura_7,1.091
0.416,ctrl,Fura_7,1.085
0.42,ctrl,Fura_7,1.09
0.424,ctrl,Fura_7,1.089
0.428,ctrl,Fura_7,1.087
0.432,ctrl,Fura_7,1.084
0.436,ctrl,Fura_7,1.084
0.44,ctrl,Fura_7,1.089
0.444,ctrl,Fura_7,1.086
0.448,ctrl,Fura_7,1.09
0.452,ctrl,Fura_7,1.089
0.456,ctrl,Fura_7,1.091
0.46,ctrl,Fura_7,1.089
0.464,ctrl,Fura_7,1.086
0.468,ctrl,Fura_7,1.088
0.472,ctrl,Fura_7,1.087
0.476,ctrl,Fura_7,1.088
0.48,ctrl,Fura_7,1.089
0.484,ctrl,Fura_7,1.082
0.488,ctrl,Fura_7,1.085
0.492,ctrl,Fura_7,1.087
0.496,ctrl,Fura_7,1.087
0.5,ctrl,Fura_7,1.079
0.504,ctrl,Fura_7,1.082
0.508,ctrl,Fura_7,1.088
0.512,ctrl,Fura_7,1.084
0.516,ctrl,Fura_7,1.082
0.52,ctrl,Fura_7,1.086
0.524,ctrl,Fura_7,1.082
0.528,ctrl,Fura_7,1.079
0.532,ctrl,Fura_7,1.078
0.536,ctrl,Fura_7,1.08
0.54,ctrl,Fura_7,1.077
0.544,ctrl,Fura_7,1.077
0.548,ctrl,Fura_7,1.075
0.552,ctrl,Fura_7,1.071
0.556,ctrl,Fura_7,1.072
0.56,ctrl,Fura_7,1.073
0.564,ctrl,Fura_7,1.065
0.568,ctrl,Fura_7,1.073
0.572,ctrl,Fura_7,1.071
0.576,ctrl,Fura_7,1.068
0.58,ctrl,Fura_7,1.065
0.584,ctrl,Fura_7,1.063
0.588,ctrl,Fura_7,1.057
0.592,ctrl,Fura_7,1.064
0.596,ctrl,Fura_7,1.058
0.6,ctrl,Fura_7,1.059
0.604,ctrl,Fura_7,1.056
0.608,ctrl,Fura_7,1.052
0.612,ctrl,Fura_7,1.053
0.616,ctrl,Fura_7,1.047
0.62,ctrl,Fura_7,1.052
0.624,ctrl,Fura_7,1.049
0.628,ctrl,Fura_7,1.049
0.632,ctrl,Fura_7,1.046
0.636,ctrl,Fura_7,1.038
0.64,ctrl,Fura_7,1.039
0.644,ctrl,Fura_7,1.038
0.648,ctrl,Fura_7,1.039
0.652,ctrl,Fura_7,1.034
0.656,ctrl,Fura_7,1.032
0.66,ctrl,Fura_7,1.027
0.664,ctrl,Fura_7,1.027
0.668,ctrl,Fura_7,1.027
0.672,ctrl,Fura_7,1.024
0.676,ctrl,Fura_7,1.025
0.68,ctrl,Fura_7,1.022
0.684,ctrl,Fura_7,1.021
0.688,ctrl,Fura_7,1.016
0.692,ctrl,Fura_7,1.01
0.696,ctrl,Fura_7,1.018
0.7,ctrl,Fura_7,1.015
0.704,ctrl,Fura_7,1.006
0.708,ctrl,Fura_7,1.002
0.712,ctrl,Fura_7,0.999
0.716,ctrl,Fura_7,1.003
0.72,ctrl,Fura_7,1.0
0.724,ctrl,Fura_7,0.995
0.728,ctrl,Fura_7,0.992
0.732,ctrl,Fura_7,0.997
0.736,ctrl,Fura_7,0.991
0.74,ctrl,Fura_7,0.987
0.744,ctrl,Fura_7,0.984
0.748,ctrl,Fura_7,0.985
0.752,ctrl,Fura_7,0.981
0.756,ctrl,Fura_7,0.979
0.76,ctrl,Fura_7,0.973
0.764,ctrl,Fura_7,0.972
0.768,ctrl,Fura_7,0.973
0.772,ctrl,Fura_7,0.968
0.776,ctrl,Fura_7,0.968
0.78,ctrl,Fura_7,0.965
0.784,ctrl,Fura_7,0.961
0.788,ctrl,Fura_7,0.959
0.792,ctrl,Fura_7,0.955
0.796,ctrl,Fura_7,0.955
0.8,ctrl,Fura_7,0.953
0.804,ctrl,Fura_7,0.956
0.808,ctrl,Fura_7,0.951
0.812,ctrl,Fura_7,0.947
0.816,ctrl,Fura_7,0.951
0.82,ctrl,Fura_7,0.945
0.824,ctrl,Fura_7,0.941
0.828,ctrl,Fura_7,0.942
0.832,ctrl,Fura_7,0.937
0.836,ctrl,Fura_7,0.937
0.84,ctrl,Fura_7,0.933
0.844,ctrl,Fura_7,0.934
0.848,ctrl,Fura_7,0.927
0.852,ctrl,Fura_7,0.928
0.856,ctrl,Fura_7,0.928
0.86,ctrl,Fura_7,0.922
0.864,ctrl,Fura_7,0.923
0.868,ctrl,Fura_7,0.923
0.872,ctrl,Fura_7,0.922
0.876,ctrl,Fura_7,0.917
0.88,ctrl,Fura_7,0.919
0.884,ctrl,Fura_7,0.909
0.888,ctrl,Fura_7,0.911
0.892,ctrl,Fura_7,0.911
0.896,ctrl,Fura_7,0.905
0.9,ctrl,Fura_7,0.904
0.904,ctrl,Fura_7,0.909
0.908,ctrl,Fura_7,0.906
0.912,ctrl,Fura_7,0.904
0.916,ctrl,Fura_7,0.9
0.92,ctrl,Fura_7,0.902
0.924,ctrl,Fura_7,0.902
0.928,ctrl,Fura_7,0.895
0.932,ctrl,Fura_7,0.891
0.936,ctrl,Fura_7,0.894
0.94,ctrl,Fura_7,0.891
0.944,ctrl,Fura_7,0.889
0.948,ctrl,Fura_7,0.888
0.0,ank,Fura_10,1.109
0.004,ank,Fura_10,1.112
0.008,ank,Fura_10,1.1
0.012,ank,Fura_10,1.114
0.016,ank,Fura_10,1.116
0.02,ank,Fura_10,1.114
0.024,ank,Fura_10,1.106
0.028,ank,Fura_10,1.107
0.032,ank,Fura_10,1.104
0.036,ank,Fura_10,1.097
0.04,ank,Fura_10,1.109
0.044,ank,Fura_10,1.113
0.048,ank,Fura_10,1.097
0.052,ank,Fura_10,1.103
0.056,ank,Fura_10,1.101
0.06,ank,Fura_10,1.107
0.064,ank,Fura_10,1.103
0.068,ank,Fura_10,1.091
0.072,ank,Fura_10,1.101
0.076,ank,Fura_10,1.096
0.08,ank,Fura_10,1.094
0.084,ank,Fura_10,1.093
0.088,ank,Fura_10,1.09
0.092,ank,Fura_10,1.102
0.096,ank,Fura_10,1.106
0.1,ank,Fura_10,1.153
0.104,ank,Fura_10,1.229
0.108,ank,Fura_10,1.292
0.112,ank,Fura_10,1.353
0.116,ank,Fura_10,1.404
0.12,ank,Fura_10,1.436
0.124,ank,Fura_10,1.483
0.128,ank,Fura_10,1.508
0.132,ank,Fura_10,1.513
0.136,ank,Fura_10,1.536
0.14,ank,Fura_10,1.555
0.144,ank,Fura_10,1.572
0.148,ank,Fura_10,1.585
0.152,ank,Fura_10,1.599
0.156,ank,Fura_10,1.613
0.16,ank,Fura_10,1.622
0.164,ank,Fura_10,1.635
0.168,ank,Fura_10,1.635
0.172,ank,Fura_10,1.653
0.176,ank,Fura_10,1.681
0.18,ank,Fura_10,1.692
0.184,ank,Fura_10,1.69
0.188,ank,Fura_10,1.697
0.192,ank,Fura_10,1.693
0.196,ank,Fura_10,1.709
0.2,ank,Fura_10,1.716
0.204,ank,Fura_10,1.717
0.208,ank,Fura_10,1.724
0.212,ank,Fura_10,1.73
0.216,ank,Fura_10,1.741
0.22,ank,Fura_10,1.741
0.224,ank,Fura_10,1.739
0.228,ank,Fura_10,1.745
0.232,ank,Fura_10,1.77
0.236,ank,Fura_10,1.772
0.24,ank,Fura_10,1.766
0.244,ank,Fura_10,1.761
0.248,ank,Fura_10,1.758
0.252,ank,Fura_10,1.763
0.256,ank,Fura_10,1.786
0.26,ank,Fura_10,1.786
0.264,ank,Fura_10,1.791
0.268,ank,Fura_10,1.793
0.272,ank,Fura_10,1.791
0.276,ank,Fura_10,1.797
0.28,ank,Fura_10,1.79
0.284,ank,Fura_10,1.797
0.288,ank,Fura_10,1.788
0.292,ank,Fura_10,1.806
0.296,ank,Fura_10,1.789
0.3,ank,Fura_10,1.787
0.304,ank,Fura_10,1.791
0.308,ank,Fura_10,1.79
0.312,ank,Fura_10,1.809
0.316,ank,Fura_10,1.798
0.32,ank,Fura_10,1.793
0.324,ank,Fura_10,1.79
0.328,ank,Fura_10,1.781
0.332,ank,Fura_10,1.797
0.336,ank,Fura_10,1.796
0.34,ank,Fura_10,1.798
0.344,ank,Fura_10,1.794
0.348,ank,Fura_10,1.787
0.352,ank,Fura_10,1.787
0.356,ank,Fura_10,1.776
0.36,ank,Fura_10,1.786
0.364,ank,Fura_10,1.777
0.368,ank,Fura_10,1.771
0.372,ank,Fura_10,1.763
0.376,ank,Fura_10,1.775
0.38,ank,Fura_10,1.765
0.384,ank,Fura_10,1.743
0.388,ank,Fura_10,1.753
0.392,ank,Fura_10,1.741
0.396,ank,Fura_10,1.737
0.4,ank,Fura_10,1.74
0.404,ank,Fura_10,1.742
0.408,ank,Fura_10,1.722
0.412,ank,Fura_10,1.719
0.416,ank,Fura_10,1.705
0.42,ank,Fura_10,1.713
0.424,ank,Fura_10,1.703
0.428,ank,Fura_10,1.69
0.432,ank,Fura_10,1.7
0.436,ank,Fura_10,1.679
0.44,ank,Fura_10,1.659
0.444,ank,Fura_10,1.678
0.448,ank,Fura_10,1.669
0.452,ank,Fura_10,1.652
0.456,ank,Fura_10,1.648
0.46,ank,Fura_10,1.644
0.464,ank,Fura_10,1.639
0.468,ank,Fura_10,1.622
0.472,ank,Fura_10,1.624
0.476,ank,Fura_10,1.609
0.48,ank,Fura_10,1.602
0.484,ank,Fura_10,1.586
0.488,ank,Fura_10,1.589
0.492,ank,Fura_10,1.578
0.496,ank,Fura_10,1.574
0.5,ank,Fura_10,1.565
0.504,ank,Fura_10,1.569
0.508,ank,Fura_10,1.553
0.512,ank,Fura_10,1.544
0.516,ank,Fura_10,1.533
0.52,ank,Fura_10,1.524
0.524,ank,Fura_10,1.529
0.528,ank,Fura_10,1.513
0.532,ank,Fura_10,1.508
0.536,ank,Fura_10,1.499
0.54,ank,Fura_10,1.508
0.544,ank,Fura_10,1.494
0.548,ank,Fura_10,1.487
0.552,ank,Fura_10,1.48
0.556,ank,Fura_10,1.475
0.56,ank,Fura_10,1.471
0.564,ank,Fura_10,1.454
0.568,ank,Fura_10,1.458
0.572,ank,Fura_10,1.452
0.576,ank,Fura_10,1.44
0.58,ank,Fura_10,1.438
0.584,ank,Fura_10,1.429
0.588,ank,Fura_10,1.415
0.592,ank,Fura_10,1.408
0.596,ank,Fura_10,1.419
0.6,ank,Fura_10,1.405
0.604,ank,Fura_10,1.399
0.608,ank,Fura_10,1.391
0.612,ank,Fura_10,1.383
0.616,ank,Fura_10,1.385
0.62,ank,Fura_10,1.383
0.624,ank,Fura_10,1.381
0.628,ank,Fura_10,1.354
0.632,ank,Fura_10,1.357
0.636,ank,Fura_10,1.362
0.64,ank,Fura_10,1.349
0.644,ank,Fura_10,1.338
0.648,ank,Fura_10,1.337
0.652,ank,Fura_10,1.33
0.656,ank,Fura_10,1.335
0.66,ank,Fura_10,1.323
0.664,ank,Fura_10,1.324
0.668,ank,Fura_10,1.309
0.672,ank,Fura_10,1.307
0.676,ank,Fura_10,1.308
0.68,ank,Fura_10,1.307
0.684,ank,Fura_10,1.287
0.688,ank,Fura_10,1.293
0.692,ank,Fura_10,1.285
0.696,ank,Fura_10,1.291
0.7,ank,Fura_10,1.284
0.704,ank,Fura_10,1.275
0.708,ank,Fura_10,1.267
0.712,ank,Fura_10,1.27
0.716,ank,Fura_10,1.272
0.72,ank,Fura_10,1.26
0.724,ank,Fura_10,1.265
0.728,ank,Fura_10,1.256
0.732,ank,Fura_10,1.264
0.736,ank,Fura_10,1.252
0.74,ank,Fura_10,1.25
0.744,ank,Fura_10,1.237
0.748,ank,Fura_10,1.236
0.752,ank,Fura_10,1.227
0.756,ank,Fura_10,1.222
0.76,ank,Fura_10,1.232
0.764,ank,Fura_10,1.221
0.768,ank,Fura_10,1.226
0.772,ank,Fura_10,1.217
0.776,ank,Fura_10,1.222
0.78,ank,Fura_10,1.214
0.784,ank,Fura_10,1.212
0.788,ank,Fura_10,1.214
0.792,ank,Fura_10,1.214
0.796,ank,Fura_10,1.205
0.8,ank,Fura_10,1.196
0.804,ank,Fura_10,1.198
0.808,ank,Fura_10,1.204
0.812,ank,Fura_10,1.193
0.816,ank,Fura_10,1.193
0.82,ank,Fura_10,1.189
0.824,ank,Fura_10,1.18
0.828,ank,Fura_10,1.182
0.832,ank,Fura_10,1.178
0.836,ank,Fura_10,1.177
0.84,ank,Fura_10,1.179
0.844,ank,Fura_10,1.174
0.848,ank,Fura_10,1.188
0.852,ank,Fura_10,1.179
0.856,ank,Fura_10,1.164
0.86,ank,Fura_10,1.165
0.864,ank,Fura_10,1.165
0.868,ank,Fura_10,1.151
0.872,ank,Fura_10,1.163
0.876,ank,Fura_10,1.162
0.88,ank,Fura_10,1.151
0.884,ank,Fura_10,1.155
0.888,ank,Fura_10,1.154
0.892,ank,Fura_10,1.145
0.896,ank,Fura_10,1.148
0.9,ank,Fura_10,1.14
0.904,ank,Fura_10,1.145
0.908,ank,Fura_10,1.14
0.912,ank,Fura_10,1.142
0.916,ank,Fura_10,1.133
0.92,ank,Fura_10,1.135
0.924,ank,Fura_10,1.135
0.928,ank,Fura_10,1.137
0.932,ank,Fura_10,1.132
0.936,ank,Fura_10,1.128
0.94,ank,Fura_10,1.118
0.944,ank,Fura_10,1.116
0.948,ank,Fura_10,1.12
0.0,ank,Fura_11,1.043
0.004,ank,Fura_11,1.048
0.008,ank,Fura_11,1.046
0.012,ank,Fura_11,1.044
0.016,ank,Fura_11,1.042
0.02,ank,Fura_11,1.039
0.024,ank,Fura_11,1.039
0.028,ank,Fura_11,1.034
0.032,ank,Fura_11,1.038
0.036,ank,Fura_11,1.032
0.04,ank,Fura_11,1.039
0.044,ank,Fura_11,1.04
0.048,ank,Fura_11,1.03
0.052,ank,Fura_11,1.03
0.056,ank,Fura_11,1.032
0.06,ank,Fura_11,1.037
0.064,ank,Fura_11,1.026
0.068,ank,Fura_11,1.022
0.072,ank,Fura_11,1.029
0.076,ank,Fura_11,1.02
0.08,ank,Fura_11,1.033
0.084,ank,Fura_11,1.033
0.088,ank,Fura_11,1.036
0.092,ank,Fura_11,1.018
0.096,ank,Fura_11,1.023
0.1,ank,Fura_11,1.089
0.104,ank,Fura_11,1.209
0.108,ank,Fura_11,1.304
0.112,ank,Fura_11,1.39
0.116,ank,Fura_11,1.459
0.12,ank,Fura_11,1.512
0.124,ank,Fura_11,1.555
0.128,ank,Fura_11,1.597
0.132,ank,Fura_11,1.619
0.136,ank,Fura_11,1.669
0.14,ank,Fura_11,1.688
0.144,ank,Fura_11,1.704
0.148,ank,Fura_11,1.731
0.152,ank,Fura_11,1.76
0.156,ank,Fura_11,1.761
0.16,ank,Fura_11,1.787
0.164,ank,Fura_11,1.795
0.168,ank,Fura_11,1.814
0.172,ank,Fura_11,1.829
0.176,ank,Fura_11,1.843
0.18,ank,Fura_11,1.847
0.184,ank,Fura_11,1.875
0.188,ank,Fura_11,1.87
0.192,ank,Fura_11,1.875
0.196,ank,Fura_11,1.901
0.2,ank,Fura_11,1.91
0.204,ank,Fura_11,1.932
0.208,ank,Fura_11,1.902
0.212,ank,Fura_11,1.908
0.216,ank,Fura_11,1.935
0.22,ank,Fura_11,1.928
0.224,ank,Fura_11,1.953
0.228,ank,Fura_11,1.953
0.232,ank,Fura_11,1.958
0.236,ank,Fura_11,1.966
0.24,ank,Fura_11,1.981
0.244,ank,Fura_11,1.977
0.248,ank,Fura_11,1.975
0.252,ank,Fura_11,1.969
0.256,ank,Fura_11,1.966
0.26,ank,Fura_11,1.982
0.264,ank,Fura_11,1.985
0.268,ank,Fura_11,1.975
0.272,ank,Fura_11,1.969
0.276,ank,Fura_11,1.972
0.28,ank,Fura_11,2.002
0.284,ank,Fura_11,1.985
0.288,ank,Fura_11,1.973
0.292,ank,Fura_11,1.975
0.296,ank,Fura_11,1.985
0.3,ank,Fura_11,1.97
0.304,ank,Fura_11,1.942
0.308,ank,Fura_11,1.95
0.312,ank,Fura_11,1.968
0.316,ank,Fura_11,1.944
0.32,ank,Fura_11,1.929
0.324,ank,Fura_11,1.94
0.328,ank,Fura_11,1.936
0.332,ank,Fura_11,1.9
0.336,ank,Fura_11,1.902
0.34,ank,Fura_11,1.888
0.344,ank,Fura_11,1.885
0.348,ank,Fura_11,1.868
0.352,ank,Fura_11,1.87
0.356,ank,Fura_11,1.881
0.36,ank,Fura_11,1.839
0.364,ank,Fura_11,1.836
0.368,ank,Fura_11,1.843
0.372,ank,Fura_11,1.816
0.376,ank,Fura_11,1.818
0.38,ank,Fura_11,1.81
0.384,ank,Fura_11,1.793
0.388,ank,Fura_11,1.77
0.392,ank,Fura_11,1.762
0.396,ank,Fura_11,1.759
0.4,ank,Fura_11,1.755
0.404,ank,Fura_11,1.74
0.408,ank,Fura_11,1.719
0.412,ank,Fura_11,1.732
0.416,ank,Fura_11,1.692
0.42,ank,Fura_11,1.678
0.424,ank,Fura_11,1.678
0.428,ank,Fura_11,1.664
0.432,ank,Fura_11,1.655
0.436,ank,Fura_11,1.648
0.44,ank,Fura_11,1.642
0.444,ank,Fura_11,1.621
0.448,ank,Fura_11,1.612
0.452,ank,Fura_11,1.598
0.456,ank,Fura_11,1.588
0.46,ank,Fura_11,1.585
0.464,ank,Fura_11,1.583
0.468,ank,Fura_11,1.561
0.472,ank,Fura_11,1.549
0.476,ank,Fura_11,1.542
0.48,ank,Fura_11,1.545
0.484,ank,Fura_11,1.522
0.488,ank,Fura_11,1.502
0.492,ank,Fura_11,1.492
0.496,ank,Fura_11,1.485
0.5,ank,Fura_11,1.474
0.504,ank,Fura_11,1.463
0.508,ank,Fura_11,1.456
0.512,ank,Fura_11,1.445
0.516,ank,Fura_11,1.43
0.52,ank,Fura_11,1.429
0.524,ank,Fura_11,1.419
0.528,ank,Fura_11,1.419
0.532,ank,Fura_11,1.408
0.536,ank,Fura_11,1.386
0.54,ank,Fura_11,1.382
0.544,ank,Fura_11,1.393
0.548,ank,Fura_11,1.387
0.552,ank,Fura_11,1.364
0.556,ank,Fura_11,1.35
0.56,ank,Fura_11,1.368
0.564,ank,Fura_11,1.347
0.568,ank,Fura_11,1.327
0.572,ank,Fura_11,1.326
0.576,ank,Fura_11,1.321
0.58,ank,Fura_11,1.322
0.584,ank,Fura_11,1.316
0.588,ank,Fura_11,1.304
0.592,ank,Fura_11,1.287
0.596,ank,Fura_11,1.296
0.6,ank,Fura_11,1.293
0.604,ank,Fura_11,1.279
0.608,ank,Fura_11,1.273
0.612,ank,Fura_11,1.279
0.616,ank,Fura_11,1.264
0.62,ank,Fura_11,1.262
0.624,ank,Fura_11,1.25
0.628,ank,Fura_11,1.253
0.632,ank,Fura_11,1.243
0.636,ank,Fura_11,1.248
0.64,ank,Fura_11,1.241
0.644,ank,Fura_11,1.227
0.648,ank,Fura_11,1.236
0.652,ank,Fura_11,1.231
0.656,ank,Fura_11,1.21
0.66,ank,Fura_11,1.215
0.664,ank,Fura_11,1.214
0.668,ank,Fura_11,1.208
0.672,ank,Fura_11,1.21
0.676,ank,Fura_11,1.204
0.68,ank,Fura_11,1.206
0.684,ank,Fura_11,1.198
0.688,ank,Fura_11,1.19
0.692,ank,Fura_11,1.19
0.696,ank,Fura_11,1.173
0.7,ank,Fura_11,1.178
0.704,ank,Fura_11,1.17
0.708,ank,Fura_11,1.175
0.712,ank,Fura_11,1.167
0.716,ank,Fura_11,1.163
0.72,ank,Fura_11,1.164
0.724,ank,Fura_11,1.155
0.728,ank,Fura_11,1.156
0.732,ank,Fura_11,1.152
0.736,ank,Fura_11,1.148
0.74,ank,Fura_11,1.143
0.744,ank,Fura_11,1.149
0.748,ank,Fura_11,1.143
0.752,ank,Fura_11,1.14
0.756,ank,Fura_11,1.137
0.76,ank,Fura_11,1.136
0.764,ank,Fura_11,1.133
0.768,ank,Fura_11,1.129
0.772,ank,Fura_11,1.124
0.776,ank,Fura_11,1.125
0.78,ank,Fura_11,1.121
0.784,ank,Fura_11,1.122
0.788,ank,Fura_11,1.116
0.792,ank,Fura_11,1.111
0.796,ank,Fura_11,1.115
0.8,ank,Fura_11,1.115
0.804,ank,Fura_11,1.104
0.808,ank,Fura_11,1.113
0.812,ank,Fura_11,1.103
0.816,ank,Fura_11,1.107
0.82,ank,Fura_11,1.099
0.824,ank,Fura_11,1.091
0.828,ank,Fura_11,1.099
0.832,ank,Fura_11,1.101
0.836,ank,Fura_11,1.09
0.84,ank,Fura_11,1.088
0.844,ank,Fura_11,1.091
0.848,ank,Fura_11,1.085
0.852,ank,Fura_11,1.085
0.856,ank,Fura_11,1.079
0.86,ank,Fura_11,1.084
0.864,ank,Fura_11,1.075
0.868,ank,Fura_11,1.081
0.872,ank,Fura_11,1.071
0.876,ank,Fura_11,1.067
0.88,ank,Fura_11,1.072
0.884,ank,Fura_11,1.073
0.888,ank,Fura_11,1.068
0.892,ank,Fura_11,1.062
0.896,ank,Fura_11,1.068
0.9,ank,Fura_11,1.067
0.904,ank,Fura_11,1.068
0.908,ank,Fura_11,1.069
0.912,ank,Fura_11,1.064
0.916,ank,Fura_11,1.054
0.92,ank,Fura_11,1.055
0.924,ank,Fura_11,1.058
0.928,ank,Fura_11,1.055
0.932,ank,Fura_11,1.06
0.936,ank,Fura_11,1.05
0.94,ank,Fura_11,1.054
0.944,ank,Fura_11,1.049
0.948,ank,Fura_11,1.05
0.0,ank,Fura_12,0.937
0.004,ank,Fura_12,0.942
0.008,ank,Fura_12,0.94
0.012,ank,Fura_12,0.939
0.016,ank,Fura_12,0.934
0.02,ank,Fura_12,0.935
0.024,ank,Fura_12,0.936
0.028,ank,Fura_12,0.934
0.032,ank,Fura_12,0.931
0.036,ank,Fura_12,0.934
0.04,ank,Fura_12,0.939
0.044,ank,Fura_12,0.935
0.048,ank,Fura_12,0.932
0.052,ank,Fura_12,0.931
0.056,ank,Fura_12,0.93
0.06,ank,Fura_12,0.93
0.064,ank,Fura_12,0.932
0.068,ank,Fura_12,0.929
0.072,ank,Fura_12,0.929
0.076,ank,Fura_12,0.929
0.08,ank,Fura_12,0.934
0.084,ank,Fura_12,0.93
0.088,ank,Fura_12,0.928
0.092,ank,Fura_12,0.93
0.096,ank,Fura_12,0.932
0.1,ank,Fura_12,0.951
0.104,ank,Fura_12,0.993
0.108,ank,Fura_12,1.025
0.112,ank,Fura_12,1.055
0.116,ank,Fura_12,1.072
0.12,ank,Fura_12,1.091
0.124,ank,Fura_12,1.105
0.128,ank,Fura_12,1.118
0.132,ank,Fura_12,1.133
0.136,ank,Fura_12,1.142
0.14,ank,Fura_12,1.147
0.144,ank,Fura_12,1.157
0.148,ank,Fura_12,1.165
0.152,ank,Fura_12,1.173
0.156,ank,Fura_12,1.178
0.16,ank,Fura_12,1.187
0.164,ank,Fura_12,1.189
0.168,ank,Fura_12,1.196
0.172,ank,Fura_12,1.202
0.176,ank,Fura_12,1.208
0.18,ank,Fura_12,1.213
0.184,ank,Fura_12,1.21
0.188,ank,Fura_12,1.223
0.192,ank,Fura_12,1.224
0.196,ank,Fura_12,1.229
0.2,ank,Fura_12,1.231
0.204,ank,Fura_12,1.237
0.208,ank,Fura_12,1.236
0.212,ank,Fura_12,1.239
0.216,ank,Fura_12,1.24
0.22,ank,Fura_12,1.249
0.224,ank,Fura_12,1.246
0.228,ank,Fura_12,1.246
0.232,ank,Fura_12,1.247
0.236,ank,Fura_12,1.252
0.24,ank,Fura_12,1.251
0.244,ank,Fura_12,1.26
0.248,ank,Fura_12,1.259
0.252,ank,Fura_12,1.259
0.256,ank,Fura_12,1.262
0.26,ank,Fura_12,1.262
0.264,ank,Fura_12,1.262
0.268,ank,Fura_12,1.26
0.272,ank,Fura_12,1.26
0.276,ank,Fura_12,1.263
0.28,ank,Fura_12,1.262
0.284,ank,Fura_12,1.263
0.288,ank,Fura_12,1.268
0.292,ank,Fura_12,1.261
0.296,ank,Fura_12,1.268
0.3,ank,Fura_12,1.261
0.304,ank,Fura_12,1.263
0.308,ank,Fura_12,1.26
0.312,ank,Fura_12,1.262
0.316,ank,Fura_12,1.258
0.32,ank,Fura_12,1.261
0.324,ank,Fura_12,1.262
0.328,ank,Fura_12,1.254
0.332,ank,Fura_12,1.257
0.336,ank,Fura_12,1.254
0.34,ank,Fura_12,1.256
0.344,ank,Fura_12,1.255
0.348,ank,Fura_12,1.257
0.352,ank,Fura_12,1.25
0.356,ank,Fura_12,1.251
0.36,ank,Fura_12,1.246
0.364,ank,Fura_12,1.25
0.368,ank,Fura_12,1.236
0.372,ank,Fura_12,1.237
0.376,ank,Fura_12,1.235
0.38,ank,Fura_12,1.236
0.384,ank,Fura_12,1.234
0.388,ank,Fura_12,1.229
0.392,ank,Fura_12,1.229
0.396,ank,Fura_12,1.22
0.4,ank,Fura_12,1.223
0.404,ank,Fura_12,1.221
0.408,ank,Fura_12,1.214
0.412,ank,Fura_12,1.214
0.416,ank,Fura_12,1.212
0.42,ank,Fura_12,1.208
0.424,ank,Fura_12,1.203
0.428,ank,Fura_12,1.204
0.432,ank,Fura_12,1.2
0.436,ank,Fura_12,1.195
0.44,ank,Fura_12,1.189
0.444,ank,Fura_12,1.181
0.448,ank,Fura_12,1.183
0.452,ank,Fura_12,1.178
0.456,ank,Fura_12,1.177
0.46,ank,Fura_12,1.171
0.464,ank,Fura_12,1.169
0.468,ank,Fura_12,1.17
0.472,ank,Fura_12,1.164
0.476,ank,Fura_12,1.16
0.48,ank,Fura_12,1.155
0.484,ank,Fura_12,1.149
0.488,ank,Fura_12,1.151
0.492,ank,Fura_12,1.143
0.496,ank,Fura_12,1.142
0.5,ank,Fura_12,1.133
0.504,ank,Fura_12,1.135
0.508,ank,Fura_12,1.127
0.512,ank,Fura_12,1.13
0.516,ank,Fura_12,1.129
0.52,ank,Fura_12,1.123
0.524,ank,Fura_12,1.115
0.528,ank,Fura_12,1.112
0.532,ank,Fura_12,1.11
0.536,ank,Fura_12,1.106
0.54,ank,Fura_12,1.105
0.544,ank,Fura_12,1.101
0.548,ank,Fura_12,1.097
0.552,ank,Fura_12,1.093
0.556,ank,Fura_12,1.095
0.56,ank,Fura_12,1.093
0.564,ank,Fura_12,1.088
0.568,ank,Fura_12,1.081
0.572,ank,Fura_12,1.078
0.576,ank,Fura_12,1.079
0.58,ank,Fura_12,1.074
0.584,ank,Fura_12,1.073
0.588,ank,Fura_12,1.072
0.592,ank,Fura_12,1.065
0.596,ank,Fura_12,1.064
0.6,ank,Fura_12,1.06
0.604,ank,Fura_12,1.058
0.608,ank,Fura_12,1.055
0.612,ank,Fura_12,1.056
0.616,ank,Fura_12,1.052
0.62,ank,Fura_12,1.047
0.624,ank,Fura_12,1.048
0.628,ank,Fura_12,1.039
0.632,ank,Fura_12,1.042
0.636,ank,Fura_12,1.041
0.64,ank,Fura_12,1.041
0.644,ank,Fura_12,1.037
0.648,ank,Fura_12,1.031
0.652,ank,Fura_12,1.034
0.656,ank,Fura_12,1.03
0.66,ank,Fura_12,1.028
0.664,ank,Fura_12,1.022
0.668,ank,Fura_12,1.022
0.672,ank,Fura_12,1.022
0.676,ank,Fura_12,1.02
0.68,ank,Fura_12,1.016
0.684,ank,Fura_12,1.017
0.688,ank,Fura_12,1.012
0.692,ank,Fura_12,1.012
0.696,ank,Fura_12,1.009
0.7,ank,Fura_12,1.008
0.704,ank,Fura_12,1.006
0.708,ank,Fura_12,1.007
0.712,ank,Fura_12,1.004
0.716,ank,Fura_12,1.004
0.72,ank,Fura_12,1.0
0.724,ank,Fura_12,0.995
0.728,ank,Fura_12,0.995
0.732,ank,Fura_12,0.994
0.736,ank,Fura_12,0.993
0.74,ank,Fura_12,0.996
0.744,ank,Fura_12,0.994
0.748,ank,Fura_12,0.989
0.752,ank,Fura_12,0.987
0.756,ank,Fura_12,0.984
0.76,ank,Fura_12,0.987
0.764,ank,Fura_12,0.986
0.768,ank,Fura_12,0.982
0.772,ank,Fura_12,0.984
0.776,ank,Fura_12,0.983
0.78,ank,Fura_12,0.977
0.784,ank,Fura_12,0.978
0.788,ank,Fura_12,0.981
0.792,ank,Fura_12,0.975
0.796,ank,Fura_12,0.975
0.8,ank,Fura_12,0.977
0.804,ank,Fura_12,0.975
0.808,ank,Fura_12,0.973
0.812,ank,Fura_12,0.972
0.816,ank,Fura_12,0.969
0.82,ank,Fura_12,0.964
0.824,ank,Fura_12,0.967
0.828,ank,Fura_12,0.97
0.832,ank,Fura_12,0.964
0.836,ank,Fura_12,0.963
0.84,ank,Fura_12,0.961
0.844,ank,Fura_12,0.959
0.848,ank,Fura_12,0.962
0.852,ank,Fura_12,0.96
0.856,ank,Fura_12,0.957
0.86,ank,Fura_12,0.96
0.864,ank,Fura_12,0.956
0.868,ank,Fura_12,0.952
0.872,ank,Fura_12,0.955
0.876,ank,Fura_12,0.957
0.88,ank,Fura_12,0.953
0.884,ank,Fura_12,0.953
0.888,ank,Fura_12,0.951
0.892,ank,Fura_12,0.953
0.896,ank,Fura_12,0.947
0.9,ank,Fura_12,0.949
0.904,ank,Fura_12,0.948
0.908,ank,Fura_12,0.947
0.912,ank,Fura_12,0.948
0.916,ank,Fura_12,0.944
0.92,ank,Fura_12,0.943
0.924,ank,Fura_12,0.945
0.928,ank,Fura_12,0.942
0.932,ank,Fura_12,0.945
0.936,ank,Fura_12,0.942
0.94,ank,Fura_12,0.94
0.944,ank,Fura_12,0.942
0.948,ank,Fura_12,0.942
0.0,ank,Fura_13,1.051
0.004,ank,Fura_13,1.053
0.008,ank,Fura_13,1.045
0.012,ank,Fura_13,1.044
0.016,ank,Fura_13,1.055
0.02,ank,Fura_13,1.04
0.024,ank,Fura_13,1.048
0.028,ank,Fura_13,1.045
0.032,ank,Fura_13,1.042
0.036,ank,Fura_13,1.045
0.04,ank,Fura_13,1.043
0.044,ank,Fura_13,1.043
0.048,ank,Fura_13,1.032
0.052,ank,Fura_13,1.032
0.056,ank,Fura_13,1.037
0.06,ank,Fura_13,1.02
0.064,ank,Fura_13,1.033
0.068,ank,Fura_13,1.031
0.072,ank,Fura_13,1.035
0.076,ank,Fura_13,1.033
0.08,ank,Fura_13,1.038
0.084,ank,Fura_13,1.034
0.088,ank,Fura_13,1.03
0.092,ank,Fura_13,1.032
0.096,ank,Fura_13,1.031
0.1,ank,Fura_13,1.064
0.104,ank,Fura_13,1.147
0.108,ank,Fura_13,1.254
0.112,ank,Fura_13,1.324
0.116,ank,Fura_13,1.373
0.12,ank,Fura_13,1.425
0.124,ank,Fura_13,1.48
0.128,ank,Fura_13,1.524
0.132,ank,Fura_13,1.553
0.136,ank,Fura_13,1.592
0.14,ank,Fura_13,1.619
0.144,ank,Fura_13,1.661
0.148,ank,Fura_13,1.68
0.152,ank,Fura_13,1.714
0.156,ank,Fura_13,1.716
0.16,ank,Fura_13,1.774
0.164,ank,Fura_13,1.786
0.168,ank,Fura_13,1.806
0.172,ank,Fura_13,1.823
0.176,ank,Fura_13,1.838
0.18,ank,Fura_13,1.854
0.184,ank,Fura_13,1.886
0.188,ank,Fura_13,1.914
0.192,ank,Fura_13,1.912
0.196,ank,Fura_13,1.913
0.2,ank,Fura_13,1.953
0.204,ank,Fura_13,1.946
0.208,ank,Fura_13,1.959
0.212,ank,Fura_13,1.957
0.216,ank,Fura_13,1.976
0.22,ank,Fura_13,2.013
0.224,ank,Fura_13,1.997
0.228,ank,Fura_13,1.974
0.232,ank,Fura_13,2.01
0.236,ank,Fura_13,2.021
0.24,ank,Fura_13,2.036
0.244,ank,Fura_13,2.043
0.248,ank,Fura_13,2.049
0.252,ank,Fura_13,2.022
0.256,ank,Fura_13,2.049
0.26,ank,Fura_13,2.046
0.264,ank,Fura_13,2.062
0.268,ank,Fura_13,2.063
0.272,ank,Fura_13,2.07
0.276,ank,Fura_13,2.054
0.28,ank,Fura_13,2.052
0.284,ank,Fura_13,2.051
0.288,ank,Fura_13,2.084
0.292,ank,Fura_13,2.074
0.296,ank,Fura_13,2.076
0.3,ank,Fura_13,2.065
0.304,ank,Fura_13,2.056
0.308,ank,Fura_13,2.059
0.312,ank,Fura_13,2.07
0.316,ank,Fura_13,2.074
0.32,ank,Fura_13,2.056
0.324,ank,Fura_13,2.075
0.328,ank,Fura_13,2.053
0.332,ank,Fura_13,2.054
0.336,ank,Fura_13,2.043
0.34,ank,Fura_13,2.046
0.344,ank,Fura_13,2.031
0.348,ank,Fura_13,2.038
0.352,ank,Fura_13,2.014
0.356,ank,Fura_13,2.016
0.36,ank,Fura_13,2.023
0.364,ank,Fura_13,2.026
0.368,ank,Fura_13,1.988
0.372,ank,Fura_13,1.991
0.376,ank,Fura_13,1.984
0.38,ank,Fura_13,1.992
0.384,ank,Fura_13,1.969
0.388,ank,Fura_13,1.966
0.392,ank,Fura_13,1.95
0.396,ank,Fura_13,1.942
0.4,ank,Fura_13,1.918
0.404,ank,Fura_13,1.902
0.408,ank,Fura_13,1.91
0.412,ank,Fura_13,1.879
0.416,ank,Fura_13,1.868
0.42,ank,Fura_13,1.887
0.424,ank,Fura_13,1.846
0.428,ank,Fura_13,1.845
0.432,ank,Fura_13,1.848
0.436,ank,Fura_13,1.826
0.44,ank,Fura_13,1.81
0.444,ank,Fura_13,1.801
0.448,ank,Fura_13,1.785
0.452,ank,Fura_13,1.781
0.456,ank,Fura_13,1.745
0.46,ank,Fura_13,1.759
0.464,ank,Fura_13,1.738
0.468,ank,Fura_13,1.71
0.472,ank,Fura_13,1.705
0.476,ank,Fura_13,1.675
0.48,ank,Fura_13,1.684
0.484,ank,Fura_13,1.672
0.488,ank,Fura_13,1.652
0.492,ank,Fura_13,1.653
0.496,ank,Fura_13,1.649
0.5,ank,Fura_13,1.619
0.504,ank,Fura_13,1.618
0.508,ank,Fura_13,1.605
0.512,ank,Fura_13,1.593
0.516,ank,Fura_13,1.582
0.52,ank,Fura_13,1.575
0.524,ank,Fura_13,1.554
0.528,ank,Fura_13,1.546
0.532,ank,Fura_13,1.535
0.536,ank,Fura_13,1.512
0.54,ank,Fura_13,1.519
0.544,ank,Fura_13,1.502
0.548,ank,Fura_13,1.492
0.552,ank,Fura_13,1.484
0.556,ank,Fura_13,1.48
0.56,ank,Fura_13,1.466
0.564,ank,Fura_13,1.454
0.568,ank,Fura_13,1.442
0.572,ank,Fura_13,1.442
0.576,ank,Fura_13,1.424
0.58,ank,Fura_13,1.425
0.584,ank,Fura_13,1.408
0.588,ank,Fura_13,1.397
0.592,ank,Fura_13,1.393
0.596,ank,Fura_13,1.39
0.6,ank,Fura_13,1.369
0.604,ank,Fura_13,1.38
0.608,ank,Fura_13,1.365
0.612,ank,Fura_13,1.345
0.616,ank,Fura_13,1.349
0.62,ank,Fura_13,1.341
0.624,ank,Fura_13,1.327
0.628,ank,Fura_13,1.34
0.632,ank,Fura_13,1.326
0.636,ank,Fura_13,1.316
0.64,ank,Fura_13,1.319
0.644,ank,Fura_13,1.311
0.648,ank,Fura_13,1.297
0.652,ank,Fura_13,1.3
0.656,ank,Fura_13,1.285
0.66,ank,Fura_13,1.273
0.664,ank,Fura_13,1.281
0.668,ank,Fura_13,1.262
0.672,ank,Fura_13,1.268
0.676,ank,Fura_13,1.258
0.68,ank,Fura_13,1.256
0.684,ank,Fura_13,1.253
0.688,ank,Fura_13,1.245
0.692,ank,Fura_13,1.244
0.696,ank,Fura_13,1.24
0.7,ank,Fura_13,1.226
0.704,ank,Fura_13,1.223
0.708,ank,Fura_13,1.219
0.712,ank,Fura_13,1.217
0.716,ank,Fura_13,1.216
0.72,ank,Fura_13,1.21
0.724,ank,Fura_13,1.193
0.728,ank,Fura_13,1.203
0.732,ank,Fura_13,1.198
0.736,ank,Fura_13,1.188
0.74,ank,Fura_13,1.182
0.744,ank,Fura_13,1.188
0.748,ank,Fura_13,1.192
0.752,ank,Fura_13,1.175
0.756,ank,Fura_13,1.168
0.76,ank,Fura_13,1.165
0.764,ank,Fura_13,1.164
0.768,ank,Fura_13,1.168
0.772,ank,Fura_13,1.166
0.776,ank,Fura_13,1.158
0.78,ank,Fura_13,1.156
0.784,ank,Fura_13,1.148
0.788,ank,Fura_13,1.152
0.792,ank,Fura_13,1.146
0.796,ank,Fura_13,1.139
0.8,ank,Fura_13,1.138
0.804,ank,Fura_13,1.129
0.808,ank,Fura_13,1.133
0.812,ank,Fura_13,1.129
0.816,ank,Fura_13,1.125
0.82,ank,Fura_13,1.127
0.824,ank,Fura_13,1.132
0.828,ank,Fura_13,1.116
0.832,ank,Fura_13,1.121
0.836,ank,Fura_13,1.116
0.84,ank,Fura_13,1.101
0.844,ank,Fura_13,1.113
0.848,ank,Fura_13,1.108
0.852,ank,Fura_13,1.114
0.856,ank,Fura_13,1.107
0.86,ank,Fura_13,1.093
0.864,ank,Fura_13,1.092
0.868,ank,Fura_13,1.093
0.872,ank,Fura_13,1.09
0.876,ank,Fura_13,1.1
0.88,ank,Fura_13,1.095
0.884,ank,Fura_13,1.091
0.888,ank,Fura_13,1.089
0.892,ank,Fura_13,1.083
0.896,ank,Fura_13,1.079
0.9,ank,Fura_13,1.087
0.904,ank,Fura_13,1.081
0.908,ank,Fura_13,1.072
0.912,ank,Fura_13,1.08
0.916,ank,Fura_13,1.069
0.92,ank,Fura_13,1.067
0.924,ank,Fura_13,1.07
0.928,ank,Fura_13,1.069
0.932,ank,Fura_13,1.068
0.936,ank,Fura_13,1.06
0.94,ank,Fura_13,1.068
0.944,ank,Fura_13,1.065
0.948,ank,Fura_13,1.054
0.0,ank,Fura_14,1.149
0.004,ank,Fura_14,1.145
0.008,ank,Fura_14,1.152
0.012,ank,Fura_14,1.15
0.016,ank,Fura_14,1.147
0.02,ank,Fura_14,1.139
0.024,ank,Fura_14,1.151
0.028,ank,Fura_14,1.138
0.032,ank,Fura_14,1.142
0.036,ank,Fura_14,1.131
0.04,ank,Fura_14,1.143
0.044,ank,Fura_14,1.142
0.048,ank,Fura_14,1.139
0.052,ank,Fura_14,1.137
0.056,ank,Fura_14,1.135
0.06,ank,Fura_14,1.135
0.064,ank,Fura_14,1.133
0.068,ank,Fura_14,1.135
0.072,ank,Fura_14,1.135
0.076,ank,Fura_14,1.134
0.08,ank,Fura_14,1.138
0.084,ank,Fura_14,1.135
0.088,ank,Fura_14,1.133
0.092,ank,Fura_14,1.129
0.096,ank,Fura_14,1.132
0.1,ank,Fura_14,1.168
0.104,ank,Fura_14,1.222
0.108,ank,Fura_14,1.26
0.112,ank,Fura_14,1.291
0.116,ank,Fura_14,1.32
0.12,ank,Fura_14,1.335
0.124,ank,Fura_14,1.353
0.128,ank,Fura_14,1.387
0.132,ank,Fura_14,1.389
0.136,ank,Fura_14,1.4
0.14,ank,Fura_14,1.422
0.144,ank,Fura_14,1.423
0.148,ank,Fura_14,1.436
0.152,ank,Fura_14,1.457
0.156,ank,Fura_14,1.456
0.16,ank,Fura_14,1.464
0.164,ank,Fura_14,1.476
0.168,ank,Fura_14,1.473
0.172,ank,Fura_14,1.485
0.176,ank,Fura_14,1.484
0.18,ank,Fura_14,1.495
0.184,ank,Fura_14,1.507
0.188,ank,Fura_14,1.499
0.192,ank,Fura_14,1.506
0.196,ank,Fura_14,1.512
0.2,ank,Fura_14,1.512
0.204,ank,Fura_14,1.524
0.208,ank,Fura_14,1.512
0.212,ank,Fura_14,1.517
0.216,ank,Fura_14,1.519
0.22,ank,Fura_14,1.544
0.224,ank,Fura_14,1.534
0.228,ank,Fura_14,1.529
0.232,ank,Fura_14,1.531
0.236,ank,Fura_14,1.544
0.24,ank,Fura_14,1.534
0.244,ank,Fura_14,1.538
0.248,ank,Fura_14,1.541
0.252,ank,Fura_14,1.538
0.256,ank,Fura_14,1.543
0.26,ank,Fura_14,1.556
0.264,ank,Fura_14,1.546
0.268,ank,Fura_14,1.542
0.272,ank,Fura_14,1.541
0.276,ank,Fura_14,1.545
0.28,ank,Fura_14,1.558
0.284,ank,Fura_14,1.558
0.288,ank,Fura_14,1.549
0.292,ank,Fura_14,1.552
0.296,ank,Fura_14,1.553
0.3,ank,Fura_14,1.559
0.304,ank,Fura_14,1.556
0.308,ank,Fura_14,1.559
0.312,ank,Fura_14,1.56
0.316,ank,Fura_14,1.555
0.32,ank,Fura_14,1.553
0.324,ank,Fura_14,1.543
0.328,ank,Fura_14,1.555
0.332,ank,Fura_14,1.566
0.336,ank,Fura_14,1.562
0.34,ank,Fura_14,1.562
0.344,ank,Fura_14,1.564
0.348,ank,Fura_14,1.556
0.352,ank,Fura_14,1.551
0.356,ank,Fura_14,1.557
0.36,ank,Fura_14,1.55
0.364,ank,Fura_14,1.554
0.368,ank,Fura_14,1.546
0.372,ank,Fura_14,1.545
0.376,ank,Fura_14,1.539
0.38,ank,Fura_14,1.55
0.384,ank,Fura_14,1.548
0.388,ank,Fura_14,1.543
0.392,ank,Fura_14,1.539
0.396,ank,Fura_14,1.546
0.4,ank,Fura_14,1.549
0.404,ank,Fura_14,1.54
0.408,ank,Fura_14,1.536
0.412,ank,Fura_14,1.522
0.416,ank,Fura_14,1.53
0.42,ank,Fura_14,1.534
0.424,ank,Fura_14,1.529
0.428,ank,Fura_14,1.529
0.432,ank,Fura_14,1.524
0.436,ank,Fura_14,1.51
0.44,ank,Fura_14,1.52
0.444,ank,Fura_14,1.507
0.448,ank,Fura_14,1.506
0.452,ank,Fura_14,1.497
0.456,ank,Fura_14,1.501
0.46,ank,Fura_14,1.496
0.464,ank,Fura_14,1.499
0.468,ank,Fura_14,1.491
0.472,ank,Fura_14,1.484
0.476,ank,Fura_14,1.48
0.48,ank,Fura_14,1.474
0.484,ank,Fura_14,1.473
0.488,ank,Fura_14,1.473
0.492,ank,Fura_14,1.469
0.496,ank,Fura_14,1.458
0.5,ank,Fura_14,1.443
0.504,ank,Fura_14,1.452
0.508,ank,Fura_14,1.45
0.512,ank,Fura_14,1.439
0.516,ank,Fura_14,1.438
0.52,ank,Fura_14,1.433
0.524,ank,Fura_14,1.432
0.528,ank,Fura_14,1.43
0.532,ank,Fura_14,1.429
0.536,ank,Fura_14,1.421
0.54,ank,Fura_14,1.415
0.544,ank,Fura_14,1.403
0.548,ank,Fura_14,1.409
0.552,ank,Fura_14,1.404
0.556,ank,Fura_14,1.399
0.56,ank,Fura_14,1.392
0.564,ank,Fura_14,1.394
0.568,ank,Fura_14,1.39
0.572,ank,Fura_14,1.379
0.576,ank,Fura_14,1.375
0.58,ank,Fura_14,1.365
0.584,ank,Fura_14,1.367
0.588,ank,Fura_14,1.361
0.592,ank,Fura_14,1.365
0.596,ank,Fura_14,1.352
0.6,ank,Fura_14,1.343
0.604,ank,Fura_14,1.346
0.608,ank,Fura_14,1.337
0.612,ank,Fura_14,1.337
0.616,ank,Fura_14,1.328
0.62,ank,Fura_14,1.326
0.624,ank,Fura_14,1.337
0.628,ank,Fura_14,1.325
0.632,ank,Fura_14,1.312
0.636,ank,Fura_14,1.319
0.64,ank,Fura_14,1.304
0.644,ank,Fura_14,1.304
0.648,ank,Fura_14,1.299
0.652,ank,Fura_14,1.303
0.656,ank,Fura_14,1.303
0.66,ank,Fura_14,1.289
0.664,ank,Fura_14,1.282
0.668,ank,Fura_14,1.287
0.672,ank,Fura_14,1.277
0.676,ank,Fura_14,1.279
0.68,ank,Fura_14,1.277
0.684,ank,Fura_14,1.273
0.688,ank,Fura_14,1.274
0.692,ank,Fura_14,1.269
0.696,ank,Fura_14,1.266
0.7,ank,Fura_14,1.264
0.704,ank,Fura_14,1.258
0.708,ank,Fura_14,1.258
0.712,ank,Fura_14,1.254
0.716,ank,Fura_14,1.255
0.72,ank,Fura_14,1.245
0.724,ank,Fura_14,1.239
0.728,ank,Fura_14,1.246
0.732,ank,Fura_14,1.235
0.736,ank,Fura_14,1.236
0.74,ank,Fura_14,1.24
0.744,ank,Fura_14,1.241
0.748,ank,Fura_14,1.237
0.752,ank,Fura_14,1.23
0.756,ank,Fura_14,1.218
0.76,ank,Fura_14,1.229
0.764,ank,Fura_14,1.226
0.768,ank,Fura_14,1.225
0.772,ank,Fura_14,1.217
0.776,ank,Fura_14,1.227
0.78,ank,Fura_14,1.214
0.784,ank,Fura_14,1.209
0.788,ank,Fura_14,1.21
0.792,ank,Fura_14,1.206
0.796,ank,Fura_14,1.208
0.8,ank,Fura_14,1.198
0.804,ank,Fura_14,1.2
0.808,ank,Fura_14,1.197
0.812,ank,Fura_14,1.204
0.816,ank,Fura_14,1.194
0.82,ank,Fura_14,1.192
0.824,ank,Fura_14,1.203
0.828,ank,Fura_14,1.188
0.832,ank,Fura_14,1.19
0.836,ank,Fura_14,1.179
0.84,ank,Fura_14,1.179
0.844,ank,Fura_14,1.175
0.848,ank,Fura_14,1.185
0.852,ank,Fura_14,1.182
0.856,ank,Fura_14,1.185
0.86,ank,Fura_14,1.178
0.864,ank,Fura_14,1.167
0.868,ank,Fura_14,1.174
0.872,ank,Fura_14,1.182
0.876,ank,Fura_14,1.18
0.88,ank,Fura_14,1.176
0.884,ank,Fura_14,1.165
0.888,ank,Fura_14,1.164
0.892,ank,Fura_14,1.171
0.896,ank,Fura_14,1.17
0.9,ank,Fura_14,1.17
0.904,ank,Fura_14,1.163
0.908,ank,Fura_14,1.155
0.912,ank,Fura_14,1.16
0.916,ank,Fura_14,1.154
0.92,ank,Fura_14,1.155
0.924,ank,Fura_14,1.153
0.928,ank,Fura_14,1.157
0.932,ank,Fura_14,1.155
0.936,ank,Fura_14,1.149
0.94,ank,Fura_14,1.154
0.944,ank,Fura_14,1.152
0.948,ank,Fura_14,1.146
0.0,ank,Fura_15,1.03
0.004,ank,Fura_15,1.026
0.008,ank,Fura_15,1.028
0.012,ank,Fura_15,1.031
0.016,ank,Fura_15,1.018
0.02,ank,Fura_15,1.024
0.024,ank,Fura_15,1.023
0.028,ank,Fura_15,1.021
0.032,ank,Fura_15,1.023
0.036,ank,Fura_15,1.023
0.04,ank,Fura_15,1.025
0.044,ank,Fura_15,1.024
0.048,ank,Fura_15,1.018
0.052,ank,Fura_15,1.021
0.056,ank,Fura_15,1.018
0.06,ank,Fura_15,1.015
0.064,ank,Fura_15,1.02
0.068,ank,Fura_15,1.018
0.072,ank,Fura_15,1.011
0.076,ank,Fura_15,1.02
0.08,ank,Fura_15,1.018
0.084,ank,Fura_15,1.018
0.088,ank,Fura_15,1.018
0.092,ank,Fura_15,1.012
0.096,ank,Fura_15,1.02
0.1,ank,Fura_15,1.042
0.104,ank,Fura_15,1.1
0.108,ank,Fura_15,1.138
0.112,ank,Fura_15,1.176
0.116,ank,Fura_15,1.192
0.12,ank,Fura_15,1.23
0.124,ank,Fura_15,1.251
0.128,ank,Fura_15,1.27
0.132,ank,Fura_15,1.281
0.136,ank,Fura_15,1.3
0.14,ank,Fura_15,1.305
0.144,ank,Fura_15,1.327
0.148,ank,Fura_15,1.335
0.152,ank,Fura_15,1.339
0.156,ank,Fura_15,1.341
0.16,ank,Fura_15,1.353
0.164,ank,Fura_15,1.365
0.168,ank,Fura_15,1.367
0.172,ank,Fura_15,1.383
0.176,ank,Fura_15,1.368
0.18,ank,Fura_15,1.384
0.184,ank,Fura_15,1.394
0.188,ank,Fura_15,1.399
0.192,ank,Fura_15,1.393
0.196,ank,Fura_15,1.399
0.2,ank,Fura_15,1.397
0.204,ank,Fura_15,1.409
0.208,ank,Fura_15,1.411
0.212,ank,Fura_15,1.415
0.216,ank,Fura_15,1.414
0.22,ank,Fura_15,1.423
0.224,ank,Fura_15,1.42
0.228,ank,Fura_15,1.422
0.232,ank,Fura_15,1.421
0.236,ank,Fura_15,1.436
0.24,ank,Fura_15,1.433
0.244,ank,Fura_15,1.431
0.248,ank,Fura_15,1.43
0.252,ank,Fura_15,1.437
0.256,ank,Fura_15,1.432
0.26,ank,Fura_15,1.437
0.264,ank,Fura_15,1.443
0.268,ank,Fura_15,1.443
0.272,ank,Fura_15,1.443
0.276,ank,Fura_15,1.439
0.28,ank,Fura_15,1.434
0.284,ank,Fura_15,1.45
0.288,ank,Fura_15,1.443
0.292,ank,Fura_15,1.441
0.296,ank,Fura_15,1.449
0.3,ank,Fura_15,1.443
0.304,ank,Fura_15,1.441
0.308,ank,Fura_15,1.451
0.312,ank,Fura_15,1.455
0.316,ank,Fura_15,1.451
0.32,ank,Fura_15,1.452
0.324,ank,Fura_15,1.455
0.328,ank,Fura_15,1.456
0.332,ank,Fura_15,1.449
0.336,ank,Fura_15,1.443
0.34,ank,Fura_15,1.44
0.344,ank,Fura_15,1.439
0.348,ank,Fura_15,1.442
0.352,ank,Fura_15,1.449
0.356,ank,Fura_15,1.442
0.36,ank,Fura_15,1.441
0.364,ank,Fura_15,1.448
0.368,ank,Fura_15,1.445
0.372,ank,Fura_15,1.441
0.376,ank,Fura_15,1.442
0.38,ank,Fura_15,1.43
0.384,ank,Fura_15,1.43
0.388,ank,Fura_15,1.433
0.392,ank,Fura_15,1.436
0.396,ank,Fura_15,1.419
0.4,ank,Fura_15,1.434
0.404,ank,Fura_15,1.43
0.408,ank,Fura_15,1.429
0.412,ank,Fura_15,1.418
0.416,ank,Fura_15,1.427
0.42,ank,Fura_15,1.428
0.424,ank,Fura_15,1.416
0.428,ank,Fura_15,1.418
0.432,ank,Fura_15,1.41
0.436,ank,Fura_15,1.408
0.44,ank,Fura_15,1.409
0.444,ank,Fura_15,1.398
0.448,ank,Fura_15,1.394
0.452,ank,Fura_15,1.4
0.456,ank,Fura_15,1.397
0.46,ank,Fura_15,1.399
0.464,ank,Fura_15,1.385
0.468,ank,Fura_15,1.373
0.472,ank,Fura_15,1.379
0.476,ank,Fura_15,1.377
0.48,ank,Fura_15,1.375
0.484,ank,Fura_15,1.359
0.488,ank,Fura_15,1.359
0.492,ank,Fura_15,1.357
0.496,ank,Fura_15,1.354
0.5,ank,Fura_15,1.358
0.504,ank,Fura_15,1.347
0.508,ank,Fura_15,1.338
0.512,ank,Fura_15,1.338
0.516,ank,Fura_15,1.335
0.52,ank,Fura_15,1.333
0.524,ank,Fura_15,1.318
0.528,ank,Fura_15,1.32
0.532,ank,Fura_15,1.309
0.536,ank,Fura_15,1.311
0.54,ank,Fura_15,1.307
0.544,ank,Fura_15,1.299
0.548,ank,Fura_15,1.3
0.552,ank,Fura_15,1.285
0.556,ank,Fura_15,1.283
0.56,ank,Fura_15,1.276
0.564,ank,Fura_15,1.27
0.568,ank,Fura_15,1.275
0.572,ank,Fura_15,1.273
0.576,ank,Fura_15,1.257
0.58,ank,Fura_15,1.255
0.584,ank,Fura_15,1.251
0.588,ank,Fura_15,1.256
0.592,ank,Fura_15,1.241
0.596,ank,Fura_15,1.244
0.6,ank,Fura_15,1.228
0.604,ank,Fura_15,1.23
0.608,ank,Fura_15,1.229
0.612,ank,Fura_15,1.223
0.616,ank,Fura_15,1.222
0.62,ank,Fura_15,1.221
0.624,ank,Fura_15,1.213
0.628,ank,Fura_15,1.206
0.632,ank,Fura_15,1.205
0.636,ank,Fura_15,1.19
0.64,ank,Fura_15,1.191
0.644,ank,Fura_15,1.194
0.648,ank,Fura_15,1.19
0.652,ank,Fura_15,1.181
0.656,ank,Fura_15,1.181
0.66,ank,Fura_15,1.181
0.664,ank,Fura_15,1.179
0.668,ank,Fura_15,1.178
0.672,ank,Fura_15,1.17
0.676,ank,Fura_15,1.166
0.68,ank,Fura_15,1.153
0.684,ank,Fura_15,1.158
0.688,ank,Fura_15,1.168
0.692,ank,Fura_15,1.147
0.696,ank,Fura_15,1.158
0.7,ank,Fura_15,1.153
0.704,ank,Fura_15,1.14
0.708,ank,Fura_15,1.139
0.712,ank,Fura_15,1.14
0.716,ank,Fura_15,1.142
0.72,ank,Fura_15,1.128
0.724,ank,Fura_15,1.127
0.728,ank,Fura_15,1.138
0.732,ank,Fura_15,1.128
0.736,ank,Fura_15,1.117
0.74,ank,Fura_15,1.126
0.744,ank,Fura_15,1.123
0.748,ank,Fura_15,1.119
0.752,ank,Fura_15,1.119
0.756,ank,Fura_15,1.111
0.76,ank,Fura_15,1.108
0.764,ank,Fura_15,1.106
0.768,ank,Fura_15,1.098
0.772,ank,Fura_15,1.103
0.776,ank,Fura_15,1.097
0.78,ank,Fura_15,1.109
0.784,ank,Fura_15,1.098
0.788,ank,Fura_15,1.096
0.792,ank,Fura_15,1.095
0.796,ank,Fura_15,1.097
0.8,ank,Fura_15,1.083
0.804,ank,Fura_15,1.086
0.808,ank,Fura_15,1.089
0.812,ank,Fura_15,1.079
0.816,ank,Fura_15,1.083
0.82,ank,Fura_15,1.079
0.824,ank,Fura_15,1.078
0.828,ank,Fura_15,1.084
0.832,ank,Fura_15,1.074
0.836,ank,Fura_15,1.072
0.84,ank,Fura_15,1.075
0.844,ank,Fura_15,1.071
0.848,ank,Fura_15,1.06
0.852,ank,Fura_15,1.067
0.856,ank,Fura_15,1.069
0.86,ank,Fura_15,1.067
0.864,ank,Fura_15,1.056
0.868,ank,Fura_15,1.057
0.872,ank,Fura_15,1.056
0.876,ank,Fura_15,1.059
0.88,ank,Fura_15,1.059
0.884,ank,Fura_15,1.055
0.888,ank,Fura_15,1.047
0.892,ank,Fura_15,1.048
0.896,ank,Fura_15,1.052
0.9,ank,Fura_15,1.047
0.904,ank,Fura_15,1.051
0.908,ank,Fura_15,1.041
0.912,ank,Fura_15,1.041
0.916,ank,Fura_15,1.046
0.92,ank,Fura_15,1.042
0.924,ank,Fura_15,1.04
0.928,ank,Fura_15,1.047
0.932,ank,Fura_15,1.039
0.936,ank,Fura_15,1.039
0.94,ank,Fura_15,1.038
0.944,ank,Fura_15,1.039
0.948,ank,Fura_15,1.033
0.0,ank,Fura_17,1.081
0.004,ank,Fura_17,1.079
0.008,ank,Fura_17,1.073
0.012,ank,Fura_17,1.078
0.016,ank,Fura_17,1.074
0.02,ank,Fura_17,1.082
0.024,ank,Fura_17,1.075
0.028,ank,Fura_17,1.076
0.032,ank,Fura_17,1.077
0.036,ank,Fura_17,1.075
0.04,ank,Fura_17,1.073
0.044,ank,Fura_17,1.074
0.048,ank,Fura_17,1.069
0.052,ank,Fura_17,1.076
0.056,ank,Fura_17,1.074
0.06,ank,Fura_17,1.074
0.064,ank,Fura_17,1.064
0.068,ank,Fura_17,1.064
0.072,ank,Fura_17,1.069
0.076,ank,Fura_17,1.07
0.08,ank,Fura_17,1.07
0.084,ank,Fura_17,1.069
0.088,ank,Fura_17,1.071
0.092,ank,Fura_17,1.071
0.096,ank,Fura_17,1.067
0.1,ank,Fura_17,1.108
0.104,ank,Fura_17,1.152
0.108,ank,Fura_17,1.181
0.112,ank,Fura_17,1.21
0.116,ank,Fura_17,1.235
0.12,ank,Fura_17,1.248
0.124,ank,Fura_17,1.261
0.128,ank,Fura_17,1.274
0.132,ank,Fura_17,1.291
0.136,ank,Fura_17,1.302
0.14,ank,Fura_17,1.302
0.144,ank,Fura_17,1.321
0.148,ank,Fura_17,1.329
0.152,ank,Fura_17,1.335
0.156,ank,Fura_17,1.334
0.16,ank,Fura_17,1.346
0.164,ank,Fura_17,1.36
0.168,ank,Fura_17,1.362
0.172,ank,Fura_17,1.363
0.176,ank,Fura_17,1.368
0.18,ank,Fura_17,1.374
0.184,ank,Fura_17,1.374
0.188,ank,Fura_17,1.375
0.192,ank,Fura_17,1.384
0.196,ank,Fura_17,1.382
0.2,ank,Fura_17,1.39
0.204,ank,Fura_17,1.386
0.208,ank,Fura_17,1.391
0.212,ank,Fura_17,1.403
0.216,ank,Fura_17,1.395
0.22,ank,Fura_17,1.398
0.224,ank,Fura_17,1.402
0.228,ank,Fura_17,1.404
0.232,ank,Fura_17,1.406
0.236,ank,Fura_17,1.406
0.24,ank,Fura_17,1.409
0.244,ank,Fura_17,1.403
0.248,ank,Fura_17,1.413
0.252,ank,Fura_17,1.407
0.256,ank,Fura_17,1.408
0.26,ank,Fura_17,1.413
0.264,ank,Fura_17,1.407
0.268,ank,Fura_17,1.416
0.272,ank,Fura_17,1.416
0.276,ank,Fura_17,1.412
0.28,ank,Fura_17,1.416
0.284,ank,Fura_17,1.419
0.288,ank,Fura_17,1.416
0.292,ank,Fura_17,1.422
0.296,ank,Fura_17,1.423
0.3,ank,Fura_17,1.423
0.304,ank,Fura_17,1.424
0.308,ank,Fura_17,1.417
0.312,ank,Fura_17,1.426
0.316,ank,Fura_17,1.421
0.32,ank,Fura_17,1.418
0.324,ank,Fura_17,1.425
0.328,ank,Fura_17,1.42
0.332,ank,Fura_17,1.422
0.336,ank,Fura_17,1.418
0.34,ank,Fura_17,1.421
0.344,ank,Fura_17,1.417
0.348,ank,Fura_17,1.415
0.352,ank,Fura_17,1.425
0.356,ank,Fura_17,1.426
0.36,ank,Fura_17,1.424
0.364,ank,Fura_17,1.42
0.368,ank,Fura_17,1.421
0.372,ank,Fura_17,1.416
0.376,ank,Fura_17,1.414
0.38,ank,Fura_17,1.413
0.384,ank,Fura_17,1.417
0.388,ank,Fura_17,1.411
0.392,ank,Fura_17,1.414
0.396,ank,Fura_17,1.422
0.4,ank,Fura_17,1.413
0.404,ank,Fura_17,1.404
0.408,ank,Fura_17,1.408
0.412,ank,Fura_17,1.407
0.416,ank,Fura_17,1.409
0.42,ank,Fura_17,1.404
0.424,ank,Fura_17,1.403
0.428,ank,Fura_17,1.407
0.432,ank,Fura_17,1.395
0.436,ank,Fura_17,1.398
0.44,ank,Fura_17,1.395
0.444,ank,Fura_17,1.391
0.448,ank,Fura_17,1.387
0.452,ank,Fura_17,1.387
0.456,ank,Fura_17,1.39
0.46,ank,Fura_17,1.378
0.464,ank,Fura_17,1.388
0.468,ank,Fura_17,1.376
0.472,ank,Fura_17,1.37
0.476,ank,Fura_17,1.377
0.48,ank,Fura_17,1.371
0.484,ank,Fura_17,1.366
0.488,ank,Fura_17,1.363
0.492,ank,Fura_17,1.365
0.496,ank,Fura_17,1.36
0.5,ank,Fura_17,1.361
0.504,ank,Fura_17,1.354
0.508,ank,Fura_17,1.347
0.512,ank,Fura_17,1.345
0.516,ank,Fura_17,1.341
0.52,ank,Fura_17,1.339
0.524,ank,Fura_17,1.338
0.528,ank,Fura_17,1.335
0.532,ank,Fura_17,1.327
0.536,ank,Fura_17,1.319
0.54,ank,Fura_17,1.321
0.544,ank,Fura_17,1.321
0.548,ank,Fura_17,1.313
0.552,ank,Fura_17,1.317
0.556,ank,Fura_17,1.302
0.56,ank,Fura_17,1.304
0.564,ank,Fura_17,1.301
0.568,ank,Fura_17,1.291
0.572,ank,Fura_17,1.284
0.576,ank,Fura_17,1.288
0.58,ank,Fura_17,1.284
0.584,ank,Fura_17,1.283
0.588,ank,Fura_17,1.276
0.592,ank,Fura_17,1.274
0.596,ank,Fura_17,1.274
0.6,ank,Fura_17,1.255
0.604,ank,Fura_17,1.252
0.608,ank,Fura_17,1.255
0.612,ank,Fura_17,1.256
0.616,ank,Fura_17,1.252
0.62,ank,Fura_17,1.243
0.624,ank,Fura_17,1.246
0.628,ank,Fura_17,1.242
0.632,ank,Fura_17,1.241
0.636,ank,Fura_17,1.236
0.64,ank,Fura_17,1.23
0.644,ank,Fura_17,1.233
0.648,ank,Fura_17,1.22
0.652,ank,Fura_17,1.222
0.656,ank,Fura_17,1.218
0.66,ank,Fura_17,1.218
0.664,ank,Fura_17,1.206
0.668,ank,Fura_17,1.213
0.672,ank,Fura_17,1.208
0.676,ank,Fura_17,1.203
0.68,ank,Fura_17,1.203
0.684,ank,Fura_17,1.2
0.688,ank,Fura_17,1.196
0.692,ank,Fura_17,1.192
0.696,ank,Fura_17,1.189
0.7,ank,Fura_17,1.195
0.704,ank,Fura_17,1.188
0.708,ank,Fura_17,1.185
0.712,ank,Fura_17,1.185
0.716,ank,Fura_17,1.177
0.72,ank,Fura_17,1.182
0.724,ank,Fura_17,1.17
0.728,ank,Fura_17,1.173
0.732,ank,Fura_17,1.174
0.736,ank,Fura_17,1.162
0.74,ank,Fura_17,1.159
0.744,ank,Fura_17,1.16
0.748,ank,Fura_17,1.161
0.752,ank,Fura_17,1.153
0.756,ank,Fura_17,1.155
0.76,ank,Fura_17,1.155
0.764,ank,Fura_17,1.148
0.768,ank,Fura_17,1.155
0.772,ank,Fura_17,1.149
0.776,ank,Fura_17,1.142
0.78,ank,Fura_17,1.143
0.784,ank,Fura_17,1.145
0.788,ank,Fura_17,1.142
0.792,ank,Fura_17,1.142
0.796,ank,Fura_17,1.133
0.8,ank,Fura_17,1.132
0.804,ank,Fura_17,1.128
0.808,ank,Fura_17,1.127
0.812,ank,Fura_17,1.126
0.816,ank,Fura_17,1.127
0.82,ank,Fura_17,1.129
0.824,ank,Fura_17,1.129
0.828,ank,Fura_17,1.128
0.832,ank,Fura_17,1.124
0.836,ank,Fura_17,1.121
0.84,ank,Fura_17,1.114
0.844,ank,Fura_17,1.119
0.848,ank,Fura_17,1.114
0.852,ank,Fura_17,1.113
0.856,ank,Fura_17,1.112
0.86,ank,Fura_17,1.11
0.864,ank,Fura_17,1.112
0.868,ank,Fura_17,1.103
0.872,ank,Fura_17,1.109
0.876,ank,Fura_17,1.109
0.88,ank,Fura_17,1.106
0.884,ank,Fura_17,1.103
0.888,ank,Fura_17,1.1
0.892,ank,Fura_17,1.097
0.896,ank,Fura_17,1.1
0.9,ank,Fura_17,1.096
0.904,ank,Fura_17,1.098
0.908,ank,Fura_17,1.102
0.912,ank,Fura_17,1.098
0.916,ank,Fura_17,1.096
0.92,ank,Fura_17,1.089
0.924,ank,Fura_17,1.091
0.928,ank,Fura_17,1.093
0.932,ank,Fura_17,1.087
0.936,ank,Fura_17,1.088
0.94,ank,Fura_17,1.091
0.944,ank,Fura_17,1.092
0.948,ank,Fura_17,1.089
